title,publisher_id,valuable,Count,id
Alexander the Great,147,f,,992
Test of Fire: Bull Run 1861,147,f,,993
Giza: The Great Pyramid,147,f,,994
Attack!,61,f,,995
China Rails,147,f,,996
Callisto,226,f,,997
Bazaar: Special Edition,258,f,,998
"First World War, The",147,f,,999
Eurorails,147,f,,1000
GIPF Project Set 2,57,f,,1001
GIPF Project Set 3,57,f,,1002
Nippon Rails,147,f,,1003
India Rails,147,f,,1004
Eco Fluxx,138,f,,1354
Before the Wind,147,f,,1006
Italia,147,f,,1007
Liberty: The American Revolution 1775-83,47,f,,1008
Russian Rails,147,f,,1009
Quirky,68,f,,1010
Texas Glory: 1835-36,47,f,,1011
Nanuk,202,f,,1355
Dragon Valley,255,f,,1013
Pluckin' Pairs,182,f,,1014
HeroCard Cyberspace,211,f,,1015
Ticket to Ride: Dice Expansion,54,f,,1017
The A Maze Ing Labyrinth,183,f,,1018
Dino Hunt Dice,202,f,,1020
"Risk, Starcraft",224,f,,1021
Lunch Money: Sticks & Stones,14,f,,1022
Gloom: Unhappy Homes,14,f,,1023
Gloom: Unwelcome Guests,14,f,,1024
Gloom: Unfortunate Expeditions,14,f,,1025
Zen Garden,147,f,,1026
Road Rally USA,147,f,,1027
Global Mogul,147,f,,1028
Catan Histories: Settlers Of America Trails To Rails,147,f,,1358
Tannhauser,70,f,,1359
Borogove,253,f,,1034
Dominion: Hinterlands,185,f,,1035
"House Divided, A: The American Civil War 1861-1865",147,f,,1037
Race for the Galaxy: The Gathering Storm,185,f,,1038
Pathfinder Adventure Card Game: Rise Of The Runelords Base Set,164,f,,1360
Quarriors: Rise of the Demons,260,f,,1040
X-wing Miniatures Game,70,f,,1361
Quarriors: Quarmageddon,260,f,,1042
Race for the Galaxy: Rebel vs. Imperium,185,f,,1043
"Totally Insane Card Game, The",219,f,,1047
Baffler. The,40,f,,1048
"Win, Lose, or Banana!",11,f,,1049
"Trump, Tricks, Game!",147,f,,1050
Lowenherz,185,f,,1362
Ticket to Ride Map Collection: Volume 2 - India & Switzerland,54,f,,1052
Pandante,195,f,,1363
World Series of Yahtzee,110,f,,1054
Colorforms,226,f,,1055
Pandant,195,f,,1364
To The Edge of The World,256,f,,1057
To The Edge of the World,259,f,,1058
Motta,11,f,,1365
Catacombs,368,f,,1366
Legends Of The American Frontier,262,f,,1367
Pass-Ack Words,182,f,,1062
Who Would Win,91,f,,1063
Skyway Robbery,262,f,,1368
Sort It Out,226,f,,1065
Treehouse,139,f,,1066
Double Take,182,f,,1067
Area 1851,262,f,,1369
Time's Up!,182,f,,1069
Take It or Leave It,91,f,,1070
Sangoku,262,f,,1370
Ratuki,224,f,,1073
"Memory, Super Mario",224,f,,1074
Clubs,158,f,,1075
Bane,257,f,,1076
Cross Ways,224,f,,1077
Australian Rails,147,f,,1079
Chaos,246,f,,148
Draco Mundis,112,f,,237
Mad War,56,f,,488
Paiko,242,f,,594
10 days in asia,162,f,,1
1st & Goal,182,f,,2
3:16 Carnage Amogst the Stars,24,f,,4
The Princess Bride: Miracle Pill,262,f,,1372
7Wonders,184,f,,7
A Castle For All Seasons,185,f,,8
A Castle for All Seasons,185,f,,9
A Conclave of Wyrms,246,f,,10
A Game of Thrones,70,f,,11
A Game of Thrones: Card Game,70,f,,12
A Game of Thrones: Living Card Game,70,f,,13
A Game of Thrones: The Board Game,70,f,,14
A Party Game of Curses,27,f,,15
A Touch of Evil: The Supernatural Game,74,f,,16
Aargh!,193,f,,17
Ablaze!,147,f,,18
Ace Detective,1,f,,19
Acquire,15,f,,20
Mouse Guard: Swords & Strongholds,369,f,,1371
The Princess Bride: As You Wish,262,f,,1373
Monopoly,166,f,,528
Age of Discovery,147,f,,22
Age of Napoleon,172,f,,23
Alchemist,147,f,,25
Alhambra,179,f,,26
Alien Labyrinth,48,f,,28
Alpha Omega: Core Rulebook,151,f,,29
Amazing Labyrinth,183,f,,30
Amuse Amaze,108,f,,31
Anasazi,147,f,,32
Android,70,f,,33
Anima Shadow of Omega,70,f,,34
Anti-Monopoly,226,f,,35
Apocalypse World,141,f,,36
Apples to Apples,110,f,,37
Apples to Apples: Party Box Expansion 1,162,f,,39
Appletters,17,f,,40
Aquaretto,185,f,,41
Aquarius,138,f,,42
Arcana,192,f,,43
Are You a Werewolf?,138,f,,44
Are You the Traitor?,138,f,,45
Are you the Traitor?,138,f,,46
Argue,178,f,,47
Arkham Horror,70,f,,48
At the Gates of Loyang,109,f,,54
Atlantis,147,f,,55
Atlantis Treasure,129,f,,56
Attika,185,f,,57
Automobile,147,f,,58
Awkward Moment,217,f,,59
Axis & Allies,15,f,,60
BRAWL,42,f,,63
Bacchus' Banquet,147,f,,64
Dungeon Scroll,262,f,,1376
Balance of Power,37,f,,66
Bang,53,f,,68
Barca,30,f,,69
Batleship Galaxies,110,f,,70
Batt'l Kha'os,246,f,,71
Lightning Dice,370,f,,1377
Battle Cry,239,f,,73
Battle Cry: 150th Civil War Anniversary,15,f,,74
Battle Line,83,f,,75
Battles of Westeros,70,f,,76
Battleship Galaxies,110,f,,77
Battletech,71,f,,79
Bazaar,105,f,,80
Bears!,72,f,,81
Bedlamb,11,f,,82
Beer Money,14,f,,83
"Before I Kill You, Mister Bond",42,f,,84
Befuzzled,78,f,,85
Monarch,371,f,,1378
Bell-Bottomed Baddassses on the Mean Streets of Funk,246,f,,87
Betrayal at House on the Hill,15,f,,88
Pixel Glory,372,f,,1379
Big Boggle,237,f,,90
Big Idea,42,f,,91
Bill of Rights,28,f,,92
Blokus,62,f,,93
Blokus Trigon,62,f,,94
Quilt Show,185,f,,1380
Bloodsuckers,72,f,,97
Blue Moon City,70,f,,98
Gloom: Fairytale Gloom,14,f,,1381
Boggle,110,f,,100
Bohnanza: Fan-Edition,185,f,,102
Bombay,245,f,,103
Bonkers!,166,f,,104
Boom-O,145,f,,105
Breaking the Ice,20,f,,106
British Rails,147,f,,107
Buffalo,217,f,,108
Buffy the Vampire Slayer,148,f,,109
Three Cheers For The Master,14,f,,1382
Burn in Hell,202,f,,111
Cadwallon: City of Thieves,70,f,,112
Caesar & Cleopatra,202,f,,113
Munchkin Gloom,202,f,,1383
Cambria,44,f,,115
Fast & Fhtagn: A Game Of Cthulhoid Street Racing,14,f,,1385
Emergents: Genesis,277,f,,1386
Canasta Caliente,166,f,,120
Captain Treasure Boots,42,f,,122
Carcassonne: Big Box,185,f,,124
Carcassonne: The Castle,185,f,,126
Carcassonne: The Dice Game,185,f,,127
Carcassonne: The Discovery,185,f,,128
Aye Dark Overlord,70,f,,61
Blood Bound,70,f,,95
Cards Against Humanity,35,f,,129
Cargo Noir,54,f,,130
Carnival,55,f,,131
Carolus Magnus,185,f,,132
Carson City,61,f,,133
Cartagena,185,f,,134
Cartoona,249,f,,135
Castaways,167,f,,137
Castle Panic,72,f,,138
Castle Risk,166,f,,139
Cash 'n Guns,479,f,,136
The Princess Bride: A Battle of Wills,262,f,,1374
Battlestar Galactica: The Board Game,70,f,,78
Dungeon Scroll,262,f,,1375
Oh My Gods!,373,f,,1387
Catan Austria,147,f,,141
Catan Dice Game,147,f,,142
Risk: 2210,15,f,,684
Catan Histories: Merchants of Europe,146,f,,143
Caveman Curling,105,f,,146
Caylus,185,f,,147
Chaos in the Old World,70,f,,149
Cheap Shot,107,f,,150
Checkers Magnetic,38,f,,151
Chess,132,f,,152
Chess: LOTR,166,f,,154
Chess: Transformers,166,f,,155
Chez Cthulhu,202,f,,156
Chez Dork,202,f,,157
Chez Geek 2: Slack Attack,202,f,,159
Chez Geek 3: Block Party,202,f,,160
Chez Goth,202,f,,161
Chicago Poker,172,f,,162
China,225,f,,163
Chronicle,246,f,,164
Chrononauts,138,f,,165
Chutes and Ladders,148,f,,166
Citadels,70,f,,167
City Square Off,91,f,,168
City of  Thieves,70,f,,169
Civilization,15,f,,170
Clans,185,f,,171
Classic Waterworks,237,f,,172
Claustrophobia,12,f,,173
Clue,110,f,,174
"Clue, Big Bang Theory",224,f,,175
"Clue, D&D ",224,f,,176
Clue: 50th Anniversary Edition,166,f,,177
Clue: Dungeons & Dragons,166,f,,178
Code Monkey,125,f,,180
Cold War,192,f,,181
Coloretto,185,f,,182
Colossal Arena,70,f,,183
Colosseum,54,f,,184
Conquest of Pangea,237,f,,187
Conquest of Planet Earth,74,f,,188
Conquest of Planet Earth: The Space Alien Game,74,f,,189
Conquest of the Fallen Lands,13,f,,190
Core Worlds,207,f,,191
Corintho,68,f,,192
Cosmic Cows,175,f,,193
Evil Genius Deathray,377,f,,1393
Cosu,154,f,,196
Discount Salmon,378,f,,1394
Covert Action,182,f,,199
Crappy Birthday,158,f,,200
Creationary,132,f,,201
Cuba,185,f,,203
Curses,27,f,,204
Cutthroat Caverns,200,f,,205
Cyclades,12,f,,206
DVONN,185,f,,208
Danger Zone,56,f,,209
Das Ende Des Triumvirats,136,f,,210
Days of Steam,228,f,,211
Deadwood,70,f,,212
Deadwood Studios USA,42,f,,213
Death Angel,192,f,,214
Deck of Playing Cards,116,f,,215
Descent: Journeys in the Dark,70,f,,216
Dice Town,144,f,,218
Die Weinhandler,147,f,,219
Disaster Looms!,25,f,,221
Dixit,12,f,,222
Queen's Necklace,380,f,,1396
Do You Worship Cthulhu?,220,f,,224
Doctor Who: The Card  Game,16,f,,225
Doctor Who: The Card Game,16,f,,226
Domaine,147,f,,227
Dominion: Prosperity,185,f,,232
Dominoes,252,f,,234
Doom: The Board Game,70,f,,235
Dragon Delta,64,f,,238
Dragon Dice,186,f,,239
Dragon Rampage,61,f,,240
Drive,193,f,,241
Duel of Ages,124,f,,242
Dune,15,f,,243
Got'em,31,f,,355
Hamburgum,185,f,,361
Dungeon & Dragons: Essentials - Heros of the Forgotten Kingdoms,239,f,,244
Dungeon & Dragons: Essentials - Rules Compendium,239,f,,245
Dungeon Lords,246,f,,246
Dungeon Run,174,f,,247
Dungeon Twister,12,f,,248
Dungeon Twister: 3-4 Players,12,f,,249
Dungeon Twister: Paladins & Dragons,12,f,,250
Dungeons & Dragons: Castle Ravenloft,239,f,,251
Dungeons & Dragons: Dungeon Master's Guide (4th Edition),239,f,,252
Dungeons & Dragons: Eberron Player's Guide (4th Edition),239,f,,253
Shock: RPG,98,f,,734
Arcadia Quest,380,f,,1398
Blood Rage,465,f,,1397
Lords Of Waterdeep,318,t,,1390
Skulldug!,376,f,,1392
Dungeons & Dragons: Monster Manual (4th Edition),239,f,,254
Dungeons & Dragons: Player's Handbook (4th Edition),239,f,,255
Dungeons & Dragons: Player's Handbook 2 (4th Edition),239,f,,256
Catan,12,t,,1389
Diplomacy,15,t,,220
The Grizzled,379,t,,1395
Dungeons & Dragons: Three Dragon Ante,239,f,,257
Dungeons & Dragons: Wrath of Ashardalon,239,f,,258
Dungeons & Dragons: Wrath of Ashardalon Board Game,239,f,,259
Dungeons & Dragons; Three Dragon Ante,239,f,,260
Dungeonville,246,f,,261
Dust,70,f,,262
"Dutch Golden Age, The",147,f,,264
Dwarven Dig!,28,f,,265
Dweebies,91,f,,266
E.T.I.: Estimated Time to Invasion,66,f,,267
EVE: Conquests,29,f,,268
Eclipse,12,f,,269
Eclipse Phase,176,f,,270
"Edel, Stein & Reich",183,f,,272
Eleminis,198,f,,275
Yashima,104,f,,1400
Eleminis card game,199,f,,277
Eminent Domain,213,f,,278
Emira,147,f,,279
Empire Builder,147,f,,280
Empire Express,147,f,,281
En Garde!,197,f,,282
Endeavor,246,f,,283
Epigo,143,f,,284
Ergo,36,f,,285
Eruption,206,f,,286
Heavy Steam,104,f,,1401
Exile Sun,85,f,,288
FBI,171,f,,289
High Heavens,381,f,,1402
Facts in Five,23,f,,291
Fairy Tale,246,f,,292
Falling,42,f,,293
Falling: Goblin Edition,218,f,,294
Family Business,147,f,,295
Family Fluxx,138,f,,296
Farming Game,159,f,,297
Fealty,11,f,,298
Fill The Barn,115,f,,299
Finca,185,f,,300
Fish Cook,42,f,,301
Five Crowns,189,f,,302
Fjords,185,f,,303
Flash Duel,195,f,,304
Fluxx: The Board Game,138,f,,308
Quick And Dirty,382,f,,1403
Formula D,12,f,,312
Brew Crafters: The Travel Card Game,103,f,,1404
Formula De,12,f,,314
Frag,202,f,,315
Frank's Zoo,185,f,,317
Frog Juice,91,f,,318
Fury of Dracula,70,f,,319
GIPF,82,f,,320
GIPF Project Set 1,57,f,,322
GURPS: Basic Set Characters,202,f,,323
Galaxy's Edge,13,f,,325
Game of Life,148,f,,326
Game of REAL Life,121,f,,327
"Game of Thrones, A: Living Card Game",70,f,,330
Gangster,147,f,,332
Gauntlet of Fools,122,f,,333
Block 2 Block,383,f,,1408
Gemblo,238,f,,336
Gheos,246,f,,337
Ghost Stories,12,f,,338
Giants,144,f,,340
Girl Genius: The Works,208,f,,341
Give Me the Brain!,42,f,,342
Globalization,44,f,,344
Gloom,14,f,,346
Gloom: Cthulhu Gloom,14,f,,347
Glory to Rome,32,f,,348
Go,252,f,,349
Go West!,147,f,,350
Goblet,22,f,,351
Gold Mine,206,f,,352
Gold Thief,11,f,,353
Dust Strategy Board Game,70,f,,263
Grave Robbers II: Skippy's Revenge,246,f,,356
Greed Quest,202,f,,357
Hacienda,185,f,,360
Hammer of the Scots,47,f,,362
Handy,193,f,,363
Hannibal: Rome vs. Carthage,228,f,,364
Hawaii,185,f,,365
Heap,177,f,,366
Heart of Africa,147,f,,367
Hecho,45,f,,368
Hector and Achilles,147,f,,371
Hera & Zues,185,f,,372
Hero Immortal King,12,f,,373
Hero Quest,148,f,,374
HeroCard Orc Wars,211,f,,375
HeroCard: Cyberspace,211,f,,376
HeroCard: Orc Wars,211,f,,377
Shogun,179,f,,735
Heroes of the World,194,f,,378
Hex Hex XL,200,f,,379
Hex-A-Gon,37,f,,380
Diner,55,f,,1405
Zombicide: Black Plague,380,f,,1399
Isle of Trains,55,f,,1406
Hibernia,44,f,,384
High Noon Saloon,197,f,,386
History of the World,15,f,,387
Hive,229,f,,388
Hobbit. The,70,f,,389
Hoity Toity,225,f,,390
Home Stretch,182,f,,391
Humans!!!,223,f,,392
Ice Dice,139,f,,393
Ideology,246,f,,394
Ideology: The War of Ideas,246,f,,395
Ideology: The War of Ideas (Second Edition),247,f,,397
Ikusa,15,f,,398
Iliad,12,f,,399
Impact City Roller Derby,120,f,,401
In a Pickle,91,f,,403
In the Shadow of the Emperor,185,f,,404
Incan Gold,105,f,,405
Inevitable,60,f,,406
Infernal Contraption,177,f,,407
Ingenious,70,f,,408
Inn-Fighting,239,f,,409
Inside,95,f,,411
Intrigue,147,f,,412
Island Fortress,76,f,,414
JAB: Realtime Boxing,209,f,,415
Jambo,185,f,,417
James Clavell's Shogun,113,f,,418
James Ernest's Totally Renamed Spy Game,42,f,,419
Jenga,110,f,,420
Jenga Boom,111,f,,421
"Jenga, Donkey Kong",224,f,,422
Journey to the Center of the Earth,147,f,,423
Justinian,147,f,,425
Kachina,28,f,,426
Kalua,114,f,,427
Karnag,196,f,,428
Kemet,144,f,,429
Key Largo,164,f,,430
Kill Doctor Lucky,42,f,,433
Killer Bunnies and the Journey to Jupiter,175,f,,434
Killer Bunnies and the Quest for the Magic Carrot,170,f,,435
Killer Bunnies and the Quest for the Magic Carrot: Onyx Booster,170,f,,437
Kingdom Builder,179,f,,439
Kings and Things,246,f,,441
Kingsburg,70,f,,442
Knightmare Chess,202,f,,443
Kragmortha,147,f,,444
Kuba,168,f,,445
Kung Fu Fighting,197,f,,446
Kung Fu Samurai on Giant Robot Island,246,f,,447
Kuuduk,221,f,,448
La Strada,147,f,,449
Labyrinth,183,f,,450
Lascaux,147,f,,451
Le Boomb,147,f,,454
Le Havre,136,f,,455
Le bomb!,147,f,,456
Left Center Right,94,f,,457
Legend of the Cipher,131,f,,458
Legends of the Three Kingdoms,243,f,,460
Letres,133,f,,461
Life: Indiana Jones,110,f,,464
Lineup,152,f,,465
Linkity,193,f,,466
Living Labyrinth,28,f,,467
Legends of Andor,70,f,,459
Loot,91,f,,471
Lord of the Fries,42,f,,472
Lord of the Rings,70,f,,474
Sanitarium,11,f,,709
Lord of the Rings Chess,166,f,,476
Lord of the Rings Trivia Game,70,f,,477
Lord of the Rings: Card Game,70,f,,479
Lunar Rails,147,f,,484
Lunch Money,14,f,,485
Lyssan,215,f,,486
Mad Gab,168,f,,487
Maharaja,185,f,,489
Maharaja: The Game of Palace Building in India,147,f,,490
Maid: The Role Playing Game,41,f,,491
Mall of Horror,12,f,,492
Man Bites Dog,226,f,,493
Mancala,252,f,,494
Manga Manga,225,f,,495
Mansions of Madness,70,f,,498
Martian Rails,147,f,,501
Marvel Heroes,70,f,,502
Master Builder,228,f,,503
Master of Rules,246,f,,504
Mastermind,110,f,,505
Megastar,147,f,,506
Mein Name ist Hasse,52,f,,507
Memoir '44,54,f,,508
"Memory, Adventure Time",224,f,,509
Merchant of Venus,15,f,,510
Merchants & Marauders,246,f,,511
Merchants and Marauders,246,f,,512
Mermaid Rain,246,f,,513
Mesopotamia,147,f,,514
Metro,179,f,,515
Mexica,185,f,,516
Michael,212,f,,517
Michelangelo,28,f,,518
Midgard,246,f,,521
Mille Bornes,110,f,,522
Mine Shift,152,f,,523
Miskatonic School for Girls,79,f,,524
Modern Art,147,f,,525
Mondo,246,f,,526
Monkeys with Knives and Guns,21,f,,527
Manhattan,147,t,,496
Marrakech,95,t,,499
Monopoly Hotels,111,f,,529
Monopoly: Disney,110,f,,530
Monopoly: LOTR,166,f,,531
Monopoly: Star Wars,166,f,,532
Monsters Menace America,15,f,,533
Monty Python Fluxx + Castle Expansion,138,f,,535
Monuments,147,f,,536
Monuments: Wonders of Antiquity,147,f,,537
Moto Grand Prix,156,f,,538
Mr. Jack,117,f,,539
Mr. Jack Pocket,117,f,,540
Munchkin Quest,202,f,,549
Munchkin Quest 2: Looking for Trouble,202,f,,550
Murder City,233,f,,552
Mwahahaha,233,f,,553
Mystery Express,54,f,,554
Naval Battles,147,f,,556
Nero,147,f,,557
Neuroshima Hex!,246,f,,558
New World: A Carcassonne Game,185,f,,559
Nexus,42,f,,560
Nexus Ops,15,f,,561
Ninja Burger,162,f,,567
Ninja Versus Ninja,162,f,,569
Notre Dame,185,f,,572
Nuclear War,73,f,,573
Nuns on the Run,147,f,,574
Nuts!,187,f,,575
Odin's Ravens,185,f,,579
Oh Gnome You Don't!,107,f,,580
Oh My God! There's an Axe in My Head.,88,f,,581
On the Underground,185,f,,583
Once Upon a Time + Expansions,14,f,,584
Order Up,246,f,,585
Order of the Stick: The Dungeon of Dorukan,7,f,,586
Oregon,185,f,,587
Othello,145,f,,588
Outpost,207,f,,589
Owner's Choice,246,f,,590
PUNCT,82,f,,591
Pack & Stack,147,f,,593
Paint the line: Red Tide,87,f,,595
Pairs in Pears,17,f,,596
Pandemic: On the Brink,246,f,,598
Pantheon,185,f,,599
Pants on Fire,182,f,,600
Paradox,68,f,,601
Paranoia: Card Game,153,f,,602
Patrician,147,f,,604
Paul,142,f,,605
Pecking Order,237,f,,606
Penny Arcade: The Card Game,70,f,,608
Pente,148,f,,610
Phase 10,81,f,,611
Pieces of Eight: Maidens Vengeance,14,f,,612
Pillars of the Earth,147,f,,613
Pillars of the Earth. The : Builders Duel,147,f,,614
Pimp,161,f,,615
Pink Godzilla's Dev Kit,173,f,,616
Pirate Fluxx,138,f,,619
Pirate's Cove,185,f,,620
Pittsburgh,90,f,,621
Pizza Theory,105,f,,622
Planet Steam,70,f,,623
Politics of Cannibals,204,f,,624
Poo,37,f,,625
Power Grid: Factory Manager,185,f,,629
Power Grid: The First Sparks,185,f,,630
Predator: The Forest Food Chain Game,6,f,,631
"Prince, The: The Struggle of House Borgia",147,f,,633
Princes of Florence,185,f,,634
Princes of Machu Picchu,185,f,,635
Pub Trivia,226,f,,636
Puzzle Strike - Bag of Chips,195,f,,640
Pylos,95,f,,641
Qin,182,f,,643
Quack in the Box,58,f,,644
Quads Magnetic,95,f,,646
Quao,234,f,,647
Quarto,68,f,,650
Quest for the Dungeon Master,210,f,,651
Quiddler,189,f,,652
Quoridor,95,f,,653
Qwirkle,149,f,,654
Qwirkle Cubes,152,f,,655
Rails of Europe,61,f,,660
Railways of England and Wales,61,f,,661
Railways of the World,61,f,,662
Ranking,185,f,,663
Rare Earth. the,130,f,,664
Rattlesnake,70,f,,666
Rattus,246,f,,667
Red Dragon Inn,197,f,,668
Red November,70,f,,669
Redneck Life,107,f,,670
Redshirts,231,f,,671
Resident Evil,18,f,,672
Revolution!,202,f,,673
Revolution: The Dutch Revolt 1568-1648,172,f,,674
Rex: Final Days of an Empire,70,f,,675
Ribbit,193,f,,676
Ricochet Robot,185,f,,677
Rise of Empires,147,f,,679
Risk,15,f,,680
Risk Legacy,110,f,,683
Risk: LOTR Trilogy,166,f,,686
Rocketville,15,f,,690
Roll of the Dead,56,f,,693
Roller Coaster Tycoon,166,f,,694
Roman Taxi,28,f,,695
Romans Go Home!,227,f,,696
Rorschach,28,f,,697
Rory's Story Cubes,91,f,,698
Pressure Matrix,3,f,,632
Pink Treehouse,138,f,,617
Risk: Halo Legendary Edition,224,f,,681
"Run for Your Life, Candyman!",200,f,,699
Rune Age,70,f,,700
Rune Wars,70,f,,701
Runewars,70,f,,703
SPANC: Space Pirate Amazon Ninja Catgirls,202,f,,704
Saint Petersburg,185,f,,705
Samurai,185,f,,706
Samurai Swords,148,f,,707
San Juan,185,f,,708
Save Doctor Lucky,42,f,,710
Say Anything,160,f,,711
Scattergories,148,f,,712
Scotland Yard,148,f,,713
Scrabble,148,f,,714
Scrabble: Slam!,110,f,,715
Sentinels of the Multiverse (2nd Edition),103,f,,720
Sentinels of the Multiverse 2nd Edition,103,f,,721
Sequence,126,f,,722
Settelers of Catan,146,f,,724
Seven Dragons,138,f,,726
Shadow Hunters,246,f,,727
ShadowRift,86,f,,728
Shadowrift,86,f,,729
Shadows Over Camelot,54,f,,731
Sharp Shooters,148,f,,732
Shear Panic,147,f,,733
SET,33,f,,723
Shootin Ladders Frag Fest,250,f,,736
Shootin' Ladders,201,f,,737
Shootin' Ladders: Frag Fest,200,f,,738
Sid Meier's Civilization,70,f,,739
Sid Meier's Civilization: The Board Game,70,f,,740
Siebzehn,190,f,,741
Sixes,11,f,,742
Skulking nd Scheming,102,f,,743
Skybridge,95,f,,744
Sleeping Queens,91,f,,745
Small World Underground,54,f,,747
Smart Ass,226,f,,749
Smarty Party,182,f,,750
Snow Tails,12,f,,751
Solarquest,99,f,,753
Sorry!,110,f,,754
Sorry! Sliders,110,f,,755
Space Alert,185,f,,757
Space Dealer,185,f,,759
Space Hulk,89,f,,760
Space Station Assault,244,f,,762
Spectaculum,182,f,,763
Split,166,f,,765
Spooks,202,f,,766
Star Trek Expeditions,240,f,,769
Star Wars: Electronic Galactic Battle,216,f,,772
Star Wars: Galactic Battle,216,f,,773
Starcraft: The Board Game,70,f,,774
Starfarers of Catan,147,f,,776
Starship Catan,147,f,,778
Steam,147,f,,779
Stonehenge,218,f,,781
Stoner Fluxx,138,f,,782
Story Cubes,91,f,,783
Story War,34,f,,784
Stratego,15,f,,785
Stronghold,228,f,,786
Struggle for Catan,147,f,,787
Stupiduel,140,f,,789
Succession,244,f,,790
Survive: Escape from Atlantis,207,f,,793
Sutakku,201,f,,794
Sutter's Mill,147,f,,795
Sword & Skull,15,f,,796
TPOC: The Politics of Cannibals,204,f,,797
Taboo,110,f,,798
Tactics II,15,f,,799
Tales of the Arabian Nights,246,f,,801
Taluva,185,f,,804
Tanto Cuore,9,f,,806
Tantrix,46,f,,807
Tapple,224,f,,808
Telestrations,224,f,,809
Ten Commandments,28,f,,810
Terra Nova,237,f,,811
The A-Maze-Ing Labyrinth,183,f,,812
The Baffler,40,f,,815
The Call of Cthulhu: Living Card Game,70,f,,816
The Dutch Golden Age,147,f,,818
The Eagle and the Lion: Battles of Napoleon,156,f,,819
The Farming Game,159,f,,820
"The Good, The Bad, and The Munchkin",202,f,,821
"The Good, The Bad, and the Munchkin",202,f,,822
The Great Dalmuti,110,f,,823
Veritas,42,f,,1153
The Pillars of the Earth,147,f,,827
The Red Dragon Inn,197,f,,828
The Red Dragon Inn 2,197,f,,829
The Red Dragon Inn 3,197,f,,830
The Settlers of Catan,127,f,,834
The Settlers of Catan: Cities & Knights,147,f,,836
The Settlers of Catan: Seafarers,147,f,,837
The Starfarers of Catan,147,f,,839
The Suicide Bomber Card Game,28,f,,841
The Three Stooges,8,f,,842
The Totally Insane Card Game,219,f,,843
Thebes,179,f,,846
Things... Humour in a Box,110,f,,847
Through the Desert,70,f,,849
Thurn & Taxis,185,f,,852
Tichu,185,f,,853
Ticked Off,182,f,,854
Ticket to Ride: Marklin,54,f,,857
Ticket to Ride: The Card Game,54,f,,859
Tide of Iron,70,f,,860
Tigris & Euphrates,147,f,,861
Tikal,185,f,,862
Tiki Topple,91,f,,863
Timber,222,f,,864
Timeline,12,f,,865
Timestreams,28,f,,866
Timestreams: Medieval vs Modern Day,28,f,,867
Timestreams: Stone Age vs Future Tech,28,f,,868
Titan,15,f,,869
To Court the King,185,f,,871
Toboggans of Doom,28,f,,872
Total Warcards Punic Wars,49,f,,877
Touch of Evil,74,f,,878
Traders of Genoa,185,f,,880
Trailer Park Wars,107,f,,881
Train of Thought,213,f,,883
TransAmerica,185,f,,885
TransEuropa,185,f,,886
Treasure Trot,193,f,,887
TriBond,168,f,,888
Triplica,78,f,,889
Trivial Pursuit: LOTR,166,f,,891
Trivial Pursuit: Star Wars,166,f,,892
Trivial Pursuit: Totally 80's,166,f,,893
Trophy Buck,202,f,,894
Turf War,56,f,,898
Turncoat,226,f,,899
Twilight Imperium,70,f,,900
Twilight Struggle,83,f,,902
Tzaar,185,f,,903
Tzar,82,f,,904
U.S. Patent No. 1,42,f,,906
UNO,145,f,,907
UR,232,f,,908
Ubongo,246,f,,909
Ubongo: Duel,246,f,,910
Ufology,39,f,,912
Undermining,246,f,,913
Unexploded Cow,42,f,,914
Unspeakable Words,175,f,,915
Urbania,147,f,,916
Vampire Werewolf Fairies,100,f,,917
Vegas Showdown,15,f,,918
Venitas,42,f,,919
Villa Paletti,226,f,,921
The Adventurers: The Temple of Chac,3,f,,814
Ventura,70,f,,920
Vineta,119,f,,923
Walk the Dogs,193,f,,925
War of Honor,3,f,,927
War of the Ring,70,f,,928
War on Terror,214,f,,929
Warcraft: The Board Game,70,f,,930
Wasabi!,246,f,,936
Waterloo: Napoleon's Last Battle,147,f,,938
We Didn't Playtest This At All: Chaos Pack,11,f,,941
We Didn't Playtest This at All,11,f,,943
We Didn;t Playtest This at All,10,f,,945
Weinhandler,147,f,,946
Western Town,251,f,,947
Whack A Catgirl,11,f,,948
Whack A Catgirl: Crazy Characters,11,f,,949
Whirled Peas,169,f,,950
Whitewater,147,f,,951
Who's the Ass,171,f,,952
Wings of War,156,f,,954
Witch of Salem,147,f,,955
Wits & Wagers,157,f,,956
Wits and Wagers,157,f,,958
Wooly Bully,12,f,,960
Word Blur,241,f,,961
Word Spot,75,f,,962
WordSpot,75,f,,963
World Without End,147,f,,964
World of Warcraft: The Adventure Game,70,f,,965
World of Warcraft: The Board Game,70,f,,966
Worst-Case Scenario,226,f,,967
Yahtzee,148,f,,968
Yinsh,96,f,,969
ZERTZ,185,f,,972
Zen Gardens,147,f,,973
Zero,226,f,,974
Zertz,185,f,,975
Zigity,145,f,,976
Zip-It,17,f,,977
Zombie Mosh,28,f,,981
Zombie Mosh!,28,f,,982
Zombie Ninja Pirates,100,f,,983
Zombies!!!,223,f,,985
Zoneplex,155,f,,986
Zong Shi,105,f,,987
Zooloretto,185,f,,988
ZoxSo,150,f,,989
Zpocalypse,104,f,,990
iota,91,f,,991
Titans of Industry,262,f,,1080
Ruse,262,f,,1081
Eldritch Horror,70,f,,1086
"Princess Bride, The",262,f,,1088
"Countdown, Special Ops",264,f,,1089
Countdown,264,f,,1093
Kerflip,266,f,,1094
Hanabi,182,f,,1097
Forbidden Desert,91,f,,1098
Once Upon a Time,14,f,,1099
Attack the Darkness,267,f,,1100
Dread Curse,200,f,,1101
Woe to the Living,268,f,,1102
Alliances,269,f,,1103
Super Showdown,268,f,,1104
Galactic Strike Force,103,f,,1105
Channel A,11,f,,1108
Bowling for Zombies,223,f,,1111
Zombies Keep Out,177,f,,1113
MMM... Brains,223,f,,1114
Little Dead Riding Hood,223,f,,1115
Epic Picnic,273,f,,1116
Runes & Ruin,274,f,,1118
Toasted Or Roasted,276,f,,1120
City of Remnants,174,f,,1121
Fairy Mischief,79,f,,1124
Flame War,279,f,,1126
Castle Dice,279,f,,1127
Ninja Dice,104,f,,1129
Test Game,281,f,,1130
Query,282,f,,1131
Dominion: Dark Ages,185,f,,1133
Little Devils,207,f,,1145
Castellan,202,f,,1151
Winter Tales,70,f,,1152
Nox,284,f,,1155
The Big Idea,77,f,,1156
Voodoo Mania,284,f,,1157
Flip Flash,285,f,,1158
Quartermaster General,286,f,,1159
Dungeon Raiders,167,f,,1162
Incredible Expeditions,287,f,,1164
Dungeon Roll,213,f,,1165
Afoot,288,f,,1166
Roll for It (Red),31,f,,1167
Mobscenity,290,f,,1172
Province,291,f,,1174
The Duke,37,f,,1176
Johari,147,f,,1177
Gold Ahoy!,147,f,,1179
Asgard's Chosen,147,f,,1180
Villainy,147,f,,1182
Mad City,147,f,,1183
Hot Tin Roof,147,f,,1184
Warhammer 40k Relic,70,f,,1185
Poop: The Game,294,f,,1188
Billionaire Banshee,295,f,,1189
The Amberden Affair,296,f,,1190
Cogs in a Machine,297,f,,1191
Rumble,300,f,,1194
Super Fantasy Rumble,301,f,,1195
Paperback,302,f,,1196
Ascension,203,f,,49
Food Fight,51,f,,309
Penny Arcade: Gamers vs. Evil,51,f,,607
The Walking Dead Board Game,51,f,,844
Nightfall,3,f,,562
Nightfall: Martial Law,3,f,,563
Nightfall: The Coldest War,3,f,,565
Thunderstone,3,f,,850
Tomb,3,f,,874
Tomb: Cryptmaster,3,f,,875
Sail to India,3,f,,1143
Pagoda,3,f,,1147
Trains,3,f,,1150
Tide of Iron: Campaign Expansion,70,f,,1019
Descent: Journeys in the dark,70,f,,217
Game of Thrones,70,f,,328
Game of Thrones Board Game,70,f,,329
Letters from Whitechapel,70,f,,462
Starcraft: The board game,70,f,,775
Warhammer 40k: Horus Heresy,70,f,,932
Incredible Expeditions: Quest for Atlantis,287,f,,1168
Kittens in a Blender,304,f,,1199
Slap .45,305,f,,1200
Democracy: Majority Rules,306,f,,1201
Truths Too Terrible,267,f,,1202
Superfight,307,f,,1203
Equinox,11,f,,1205
Heat,11,f,,1206
Adorable Pandaring,11,f,,1208
Penny Press,11,f,,1209
Pie Factory,55,f,,1210
Diner,55,f,,1211
Brew Crafters,55,f,,1212
Isle of Trains,55,f,,1213
The Fittest,55,f,,1216
Dabble,309,f,,1217
Student Bodies,200,f,,1219
Pleasant Dreams,310,f,,1220
Arcadia Quest,311,f,,1221
pandante,195,f,,1226
A Duel Betwixt Us,313,f,,1227
oh my gods,314,f,,1228
Pixel Glory,316,f,,1230
Jupiter Rescue,223,f,,1231
Test Title,281,t,,1233
Race for the Galaxy: The Brink of War,185,t,,1044
Bohnanza,185,t,,101
Chez Geek,202,t,,158
Coup,122,t,,197
Cthulhu Fluxx,138,t,,202
Dominion,185,t,,228
Dominion: Alchemy,185,t,,229
Dominion: Cornucopia,185,t,,230
Dominion: Intrigue,185,t,,231
Dominion: Seaside,185,t,,233
Elder Sign,70,t,,274
Guillotine,239,t,,359
"Hey, That's My Fish!",147,t,,382
Lost Legacy: The Starship,3,t,,1134
Munchkin Axe Cop,202,t,,542
Munchkin Booty,202,t,,544
Munchkin Conan,202,t,,545
Munchkin Impossible,202,t,,548
Pandemic,246,t,,597
Poo: The Card Game,37,t,,627
Power Grid,185,t,,628
Puerto Rico,185,t,,637
Race for the Galaxy,185,t,,658
Star Munchkin,202,t,,768
Star Trek: Catan,147,t,,770
The Resistance,122,t,,832
Ticket to Ride,54,t,,855
Ticket to Ride: Europe,54,t,,856
Ticket to Ride: Nordic Countries,54,t,,858
Tsuro,31,t,,895
Tsuro of the Seas,31,t,,897
Twilight Imperium (Third Edition),70,t,,901
We Didn't Playtest This At All,11,t,,939
We Didn't Playtest This At All Plus,11,t,,940
We Didn't Playtest This Either,11,t,,942
We Didn't Playtest This: Legacies,11,t,,944
"Goblins Drool, Fairies Rule!",262,t,,1095
Love Letter,3,t,,1096
We Didn't Playtest This Pasted-On Theme at All!,11,t,,1106
Terra Mystica,265,t,,1090
Star Realms,280,t,,1128
Sushi Go!,91,t,,1135
One Night Ultimate Werewolf,263,t,,1137
Subdivision,263,t,,1139
King of New York,254,t,,1170
The Game of 49,290,t,,1173
Council of Verona,292,t,,1175
Caverna: The Cave Farmers,147,t,,1181
Lords of Vegas,147,t,,1197
Ascension: Return of the Fallen,203,t,,51
Love Letter: Legend of the Five Rings,3,t,,1136
Carcassonne,246,t,,123
Agricola,556,t,,24
7 Wonders,205,t,,5
Cosmic Encounter,486,f,,194
King of Tokyo,319,t,,1071
Lords of Waterdeep,318,t,,481
Puzzle Strike,195,f,,639
Seasons,205,f,,717
Small World,364,t,,746
Smash Up,3,t,,1142
7 Wonders Leaders,184,t,,1237
Pandemic: The Cure,320,t,,1240
Lords Of Waterdeep: Skullport,318,t,,1245
Mottainai,11,f,,1246
Meow,11,f,,1247
Dragon's Gold,324,f,,1249
Impulse,11,f,,1251
Warriors & Traders,325,f,,1252
7 Wonders Babel,184,t,,1261
Dominion: Adventures,185,t,,1262
Compounded,55,f,,1265
Ascension: Storm of Souls,203,f,,53
Bananagrams,17,f,,67
Carcassonne: Hunters and Gatherers,246,f,,125
Five Tribes,54,f,,1204
Innovation,11,t,,410
Istanbul,3,t,,1140
Keyflower,181,t,,432
Martian Fluxx,138,f,,500
Monty Python Fluxx,138,f,,534
Munchkin,202,f,,541
Munchkin Cthulhu,202,f,,546
Munchkin Fu,202,f,,547
Red7,308,f,,1207
Sentinel Tactics: The Flame of Freedom,103,f,,1132
Sentinels of the Multiverse,103,f,,719
Space Cadets: Dice Duel,207,f,,758
Star Fluxx,137,f,,767
Suburbia,263,f,,1084
Super Munchkin,202,f,,792
Tiny Epic Defenders,321,f,,1241
Yomi,195,f,,971
Trajan,405,f,,884
Fluxx,138,f,,307
Zombie Fluxx,138,f,,980
Machi Koro,322,t,,1242
Zombie Dice,202,t,,979
Galaxy Trucker,349,t,,324
Munchkin Zombies,202,f,,551
Takenoko,205,t,,800
Munchkin Steampunk,202,f,,1267
The Village Crone,72,f,,1268
Double Feature,334,f,,1272
Hospital Rush,170,f,,1275
Grog Island,170,f,,1276
Nefarious,337,f,,1279
Wonky,337,f,,1281
Monikers,338,f,,1282
Utter Nonsense,339,f,,1283
Flea Market,147,f,,1286
Trambahn,147,f,,1288
Saboteur,147,f,,1290
Murano,147,f,,1295
Extra! Extra!,147,f,,1296
Dead Man's Draw,341,f,,1297
Tiny Epic Kingdoms,321,f,,1298
Tiny Epic Galaxies,321,f,,1299
Hold Your Breath!,341,f,,1300
Bad Medicine,342,f,,1302
Dice City,317,f,,1304
Coconuts,341,f,,1306
Battle Merchants,344,f,,1309
Red Flags,307,f,,1312
Secret Hitler,345,f,,1313
Star Traders,346,f,,1314
Wordwright,351,f,,1324
Pairs,352,f,,1325
Caca,352,f,,1326
The Great Debate,354,f,,1332
Gruff,355,f,,1333
Circular Reasoning,359,f,,1338
Boomtown Bandits,359,f,,1339
Letter Tycoon,359,f,,1340
Monkeys Need Love Too,363,f,,1344
Twirk,359,f,,1345
The Shadow Over Westminster,48,f,,1352
Catan: Explorers & Pirates,147,f,,1029
Hey Waiter!,182,f,,1064
The Adventurers: The Pyramid of Horus,70,f,,21
"Aye, Dark Overlord!",205,f,,62
Back to the Future: The Card Game,138,f,,65
Battle Cattle: The Card Game,202,f,,72
Hearts,19,f,,89
BodgerMania,177,f,,99
Building An Elder God,191,f,,110
Call of Cthulhu: The Card Game,70,f,,114
Capitol Offensive (Outside the Scope of BGG),135,f,,121
Grandpa Beck's Cover Your A$$ets,101,f,,198
The Downfall of Pompeii,147,f,,236
Nanuk,138,f,,271
Evo (second edition),12,f,,287
Frag Gold Edition,202,f,,316
A Game of Thrones: The Board Game (Second Edition),70,f,,331
Gears of War: The Board Game,70,f,,334
Hey Froggy!,182,f,,381
Illuminati: Deluxe Edition,202,f,,400
Lift it!,337,f,,1280
The Impossible Machine,45,f,,402
Invasion from Outer Space: The Martian Game,74,f,,413
Last Night on Earth: The Zombie Game,74,f,,452
Launch Pad,206,f,,453
Level 7 [Escape],177,f,,463
The Lord of the Rings: The Card Game,70,f,,480
Nature Fluxx,202,f,,555
No Thanks!,246,f,,571
Oz Fluxx,138,f,,578
Middle-Earth Quest,70,f,,519
QBits,152,f,,642
Quarantine Z,4,f,,648
Quarriors!,240,f,,649
Race to Adventure: The Spirit of the Century Exploration Game,65,f,,659
Rat-a-Tat Cat,91,f,,665
Risk 2210 A.D.,110,f,,682
Runebound (Third Edition),70,f,,702
ScrumBrawl,230,f,,716
Sekigahara: The Unification of Japan,83,f,,718
Shadowrun: Crossfire,36,f,,730
Soccero (second edition),92,f,,752
Sort It Out!,226,f,,756
Splendor,205,t,,1238
Gubs,91,f,,358
The Captain is Dead,367,f,,1353
Colt Express,479,f,,1263
Rivals For Catan,147,f,,687
The Speicherstadt,246,f,,764
The Stars Are Right,202,f,,777
The Struggle for Catan,147,f,,788
Talisman (Revised 4th Edition),70,f,,802
Order of the Stick Adventure Game: The Dungeon of Dorukan,7,f,,826
The Red Dragon Inn: Gambling? I'm In!,197,f,,831
The Werewolves of Miller's Hollow,12,f,,845
Ubongo Extreme,246,f,,911
Wiz-War (eighth edition),70,f,,959
ZOMBIEPOX,217,f,,984
Velociraptor! Cannibalism!,262,f,,1083
Pixel Lincoln: The Deckbuilding Game,262,f,,1085
Slash: Romance without boundaries,270,f,,1107
What the Food?!,271,f,,1109
VOLT: Robot Battle Arena,272,f,,1110
Codenames,349,t,,1317
Exploding Kittens,352,t,,1328
Patchwork,147,t,,1287
Zombies!!! 4: The End...,223,f,,1112
ZombieTown,223,f,,1117
LOKA: A Game of Elemental Strategy,275,f,,1119
BioShock Infinite: The Siege of Columbia,174,f,,1122
Robinson Crusoe: Adventures on the Cursed Island,246,f,,1091
Funemployed!,277,f,,1123
Crazy Creatures of Dr. Doom,207,f,,1144
Geek Out!,175,f,,1154
Destination: Neptune,286,f,,1160
Geek Out! Pop Culture Party,175,f,,1161
Cardline: Globetrotter,12,f,,1163
Z to Z (Outside the Scope of BGG),289,f,,1171
Down 'n' Out!,293,f,,1186
Jack Attack,293,f,,1187
App'd: The Card Game,298,f,,1192
Krosmaster: Arena,299,f,,1193
Locke & Key: The Game,51,f,,468
"""A Matter of Honor, Sire""",3,f,,1148
Gearworld: The Borderlands,70,f,,335
Star Wars: The Card Game,70,f,,771
Warhammer: Invasion,70,f,,933
Relic,70,f,,931
Easy Breezy Travel Agency,55,f,,1214
Brew Crafters: The Travel Card Game,55,f,,1215
Never Have I Ever: The Card Game of Poor Life Decisions,309,f,,1218
Kaosball: The Fantasy Sport of Total Domination,311,f,,1222
Rivet Wars: Eastern Front,311,f,,1223
Luchador! Mexican Wrestling Dice,312,f,,1224
Zombie Survival: The Board Game,223,f,,1232
Munchkin Apocalypse,202,t,,1033
FlowerFall,11,t,,306
"The Good, the Bad, and the Munchkin",202,t,,354
Catan,147,t,,725
Ultimate Werewolf: Ultimate Edition,263,t,,1138
Roll For It!,31,t,,1169
Tales & Games: The Hare & the Tortoise,319,t,,1236
"Warhammer 40,000: Conquest",89,f,,1243
Star Trek: Fleet Captains,326,f,,1253
The Witcher Adventure Game,329,f,,1257
XCOM: The Board Game,70,f,,1260
Deck Building: The Deck Building Game,55,f,,1264
The Undercity: An Iron Kingdoms Adventure Board Game,177,f,,1269
ROFL!,51,f,,1273
Gravwell: Escape from the 9th Dimension,334,f,,1274
Burgle Bros.,335,f,,1277
Legendary: A Marvel Deck Building Game,336,f,,1278
Euphoria: Build a Better Dystopia,340,f,,1285
Saboteur 2 (expansion-only editions),147,f,,1289
6 nimmt!,147,f,,1291
Star Trek: Five-Year Mission,147,f,,1293
Chopstick Dexterity MegaChallenge 3000,341,f,,1301
A Game of Thrones: The Card Game (Second Edition),70,f,,1303
Get Bit! Collectors Edition,341,f,,1307
Eight-Minute Empire: Legends,348,f,,1316
Pass-a-fist (Outside the Scope of BGG),347,f,,1319
The Contender: The Game of Presidential Debate,347,f,,1320
Above and Below,348,f,,1322
Eight-Minute Empire: Lost Lands,348,f,,1329
Eight-Minute Empire,348,f,,1330
Zombie Tower 3D,353,f,,1331
Time's Up! Deluxe,357,f,,1335
Once Upon a Time: The Storytelling Card Game,14,f,,1336
Thrash-Car,358,f,,1337
Dumpster Brawl!,362,f,,1343
Cuisine a la Card,365,f,,1347
Neon City Rumble (Outside the Scope of BGG),366,f,,1348
Dead Fellas,303,f,,1198
Epic Card Game,332,f,,1270
Ubongo,128,f,,1409
Lost Cities,128,f,,1410
Dimension,128,f,,1411
Tumult Royale,128,f,,1412
Steam Time,128,f,,1414
Jenga,111,f,,1416
Junking,384,f,,1417
Kahuna,128,f,,1418
Project Nos,385,f,,1419
Brass Empire,386,f,,1421
New Bedford,55,f,,1423
Blood Bowl: Team Manager,70,f,,1425
Resistor,387,f,,1426
Titans Tactics,388,f,,1427
4 The Birds,359,f,,1428
Poop: The Game,359,f,,1429
Pocket Dungeon Quest,359,f,,1430
Keep Calm,359,f,,1431
Gothic Doctor,359,f,,1432
Ascension: Deckbuilding Game,203,f,,50
Munchkin Adventure Time,202,f,,1178
Munchkin Bites!,202,f,,543
Push Fight,343,t,,1420
RoboRally,15,f,,688
Summoner Wars: Master Set,174,f,,791
Thunderstone Advance: Towers of Ruin,3,f,,1149
Android: Netrunner,70,f,,1310
Isle of Skye: From Chieftain to King,147,t,,1294
Convert,359,f,,1434
I Hate Zombies,202,f,,1437
Moop's Monster Mashup,202,f,,1438
Ogre: Objective 218,202,f,,1439
Star Realms,332,f,,1441
Thornwatch,343,f,,1442
Yukon Salon,84,f,,1443
Phoenix Covenant,389,f,,1444
The Daring & The Doom,390,f,,1445
The Manhattan Project: Chain Recation,344,f,,1446
Jane Austen's Matchmaker,391,f,,1447
Illuminati: Bravarian Fire Drill,202,f,,1448
Exploding Kittens: Nsfw Edition,352,f,,1449
Deadfall,392,f,,1450
Pick The Lock,393,f,,1451
Dungeon Busters,341,f,,1453
Pass The Buck,394,f,,1454
Tokaido,77,t,,873
Regnum Angelica,395,f,,1458
Chicago Shootout,396,f,,1459
The Godfather: An Offer You Can't Refuse,328,f,,1460
Terra,398,f,,1463
Timeline Challenge,12,f,,1464
Oh My God! There's An Axe In My Head,84,f,,582
Salem,167,f,,1466
Suspicion,400,f,,1467
Hop!,77,f,,1468
Las Vegas,183,f,,1469
Broom Service,183,f,,1470
Tiny Epic Western,321,f,,1471
Tally Ho!,128,f,,1474
Islebound,348,f,,1475
Stick Stack,401,f,,1476
The Rose King,128,f,,1479
Mangaka,299,f,,1482
Naruto Shippuden,299,f,,1483
Battle Of The Cards,404,f,,1484
Ghosts Love Candy,202,f,,1486
Mars Attacks Dice Game,202,f,,1487
Munchkin Grimm Tidings,202,f,,1488
Car Wars: The Card Game,202,f,,1489
Ninja Burger,202,f,,1491
Random Encounters,406,f,,1492
Munchkin Pathfinder,202,f,,1493
Munchkin Christmas Lite,202,f,,1495
Lost In R'lyeh,14,f,,1496
Fantastic Factories,185,f,,1497
Hounded,409,f,,1501
Munchkin Loot Letter,202,f,,1502
Coup,410,f,,1503
Kodama: The Tree Spirits,410,f,,1504
Moonquake Escape,359,f,,1505
Munchkin Marvel,411,f,,1506
Evil Intent,413,f,,1509
Pulsar 2849,52,f,,2049
Broom Service: The Card Game,183,f,,1473
Dice of Crowns,407,f,,1494
Euphoria: Build a Better Dystopia,340,f,,1457
Fool's Gold,167,f,,1477
Simon's Cat Card Game,202,f,,1436
Game of Phones,359,f,,1433
Haiku Warrior,352,f,,1349
Takenoko,205,f,,1456
Legends of Andor,128,f,,1415
Super Munchkin: Guest Artist Edition,202,f,,1490
Flash Point: Fire Rescue,123,f,,1510
The Lords of Rock,362,f,,1508
The Lords of Rock,362,f,,1507
King of Tokyo,319,t,,1422
Batman: The Animated Series Dice Game,202,f,,1498
Batman: The Animated Series Dice Game,202,f,,1500
Codenames: Pictures,52,f,,1424
Dohdles!,128,f,,1413
The Game of 49,359,f,,1435
Dead Man's Draw,341,f,,1452
Pixel Tactics,414,f,,1512
Mr. Game!,415,f,,1513
Cast And Capture,416,f,,1514
Sellswords,414,f,,1515
Wrathborne Champions,416,f,,1517
Gingerdead House,372,f,,1518
Nightmare Forest: Dead Run,362,f,,1520
Ogre,202,f,,1522
Seismic,14,f,,1523
Fugitive,350,f,,1525
Say Anything,157,f,,1526
High Command,418,f,,1528
High Command,177,f,,1529
One Deck Dungeon,11,f,,1530
Wicked Apples,420,f,,1534
The Goonies,421,f,,1535
Rhino Hero,422,f,,1536
Dancing Eggs,422,f,,1537
The Metagame,423,f,,1539
Hungry As A Bear,422,f,,1540
Brandon The Brave,422,f,,1541
Evolution,157,t,,1524
Betrayal At House On The Hill,15,t,,1455
Dragoon,402,t,,1480
Imhotep,128,t,,1478
Karuba,422,t,,1538
Paperback,350,t,,1511
Three Kingdoms Redux,408,t,,1499
Twilight Struggle,397,t,,1462
Wits & Wagers,399,t,,1465
Animal Upon Animal,422,f,,1542
Planetarium,262,f,,1543
Adventure Land,422,f,,1544
Go Cuckoo!,422,f,,1545
Necronomicards,424,f,,1546
Alien Frontiers,262,f,,1547
Orchard,422,f,,1548
My First Stone Age,320,f,,1552
Mysterium,12,f,,1555
New Angeles,70,f,,1556
4 Gods,12,f,,1559
Red Scare Redux,426,f,,1561
Munchkin Legends Deluxe,202,f,,1562
Munchkin Treasure Hunt,202,f,,1563
Munchkin Panic,202,f,,1564
Chupacabra,202,f,,1566
The Awful Green Things From Outer Space,202,f,,1568
Munchkin Oz,202,f,,1569
Munchkin Marvel,202,f,,1570
Tile Chess,202,f,,1571
Vast: The Crystal Caverns,427,f,,1574
Hero Realms,332,f,,1575
Shadow Hunters,320,f,,1577
Temporum,185,f,,1579
Village,431,f,,1581
Jenga,110,f,,1582
Spyrush,12,f,,1583
Firenze,170,f,,1585
Rampage,184,f,,1087
Crappy Birthday,157,f,,1588
Healing Blade Defenders Of Soma,432,f,,1590
Slamwich,91,f,,1593
Producer,433,f,,1594
Imagine,91,f,,1596
Super Pacs,434,f,,1597
Clean Up Your Room,433,f,,1599
3012,51,f,,3
3rd Edict,430,f,,1580
Brick Party,454,f,,1600
Jungle Party,128,f,,1601
Gloobz,95,f,,1603
Brutal Kingdom,128,f,,1604
Murder Of Crows,14,f,,1605
Hocus,438,f,,1607
Mage Wars Academy,442,f,,1613
Herbaceous,458,f,,1614
Cultists Of Cthulhu,443,f,,1615
Lotus,334,f,,1616
Asking For Trobils,359,f,,1617
Captain Sonar,144,f,,1573
A Study in Emerald,455,f,,1611
DOOM: The Board Game,70,f,,1551
Aeon's End,122,f,,1527
Gloom in Space,14,f,,1521
Miskatonic School for Boys,428,f,,1576
Nuns on the Run,147,f,,1584
Rex: Final Days of an Empire,70,f,,1587
7 Wonders Duel,205,f,,1589
Colt Express,479,f,,1557
Movie Buff,572,f,,1519
Small World,364,t,,1533
Dungeon Saga: Dwarf King's Quest,419,f,,1532
Evolution: The Beginning,157,f,,1598
GUBS: A Game of Wit and Luck,91,f,,1591
Mars Attacks: Ten-Minute Takedown,202,f,,1572
NOIR: Deductive Mystery Game,414,f,,1516
Outfoxed!,91,f,,1595
Pandemic: Reign of Cthulhu,320,f,,1553
Pie Rats of the Carob Bean Farm,425,f,,1560
Quadropolis,364,f,,1549
Smash Up: Munchkin,202,f,,1565
The Walking Dead: All Out War,419,f,,1531
The Blood Of An Englishman,334,f,,1606
Dicey Goblins,334,f,,1619
Rail Raiders Infinite,303,f,,1621
Monopoly : Rick & Morty,437,f,,1624
Family Plot,450,f,,1626
Endangered,440,f,,1629
Royals,442,f,,1630
Unearth,283,f,,1632
Monster Trap,128,f,,1635
Honshu,334,f,,1636
Apotheca,456,f,,1637
The Sibling Trouble,458,f,,1638
Overseers,459,f,,1639
Flatline,334,f,,1640
Fuse,334,f,,1641
Cult Following,457,f,,1642
Rum & Bones,436,f,,1643
Rail Riders Infinite,303,f,,1644
Mage Wars Arena,442,f,,1645
Aura,359,f,,1646
Word Slam,128,f,,1648
Bullfrogs,334,f,,1649
Heart Of Crown,299,f,,1653
Star Trek Panic,337,f,,1654
Lagoonies,128,f,,1655
Tiny Epic Quest,452,f,,1656
Kitty Paw,334,f,,1657
Sheriff of Nottingham,442,t,,1618
Sushi Go Party!,91,t,,1592
Terraforming Mars,453,t,,1610
Scythe,462,t,,1602
Dream Home,12,t,,1554
Joking Hazard,439,t,,1633
Keyflower,429,t,,1578
Onitama,442,t,,1612
Tak,42,f,,1658
Harry Hopper,128,f,,1660
Overseers,449,f,,1664
Speechless,442,f,,1665
Clue Game Of Thrones,337,f,,1666
Covert,334,f,,1667
Shiba Inu House,334,f,,1668
Concept,184,f,,1669
Wasteland Express Delivery Service,324,f,,1670
Status Report!,463,f,,1671
Get The Cheese!,207,f,,1672
Kronia,464,f,,1673
Raise Your Goblets,436,f,,1674
Raise Your Goblets,465,f,,1675
Exoplanets,103,f,,1677
Banned Words,400,f,,1678
Tiny Park,422,f,,1679
Pit Crew,207,f,,1683
Not Alone,207,f,,1684
Diamonds,207,f,,1685
Unfair,436,f,,1686
Ta-da!,380,f,,1687
Ta-da!,468,f,,1688
Massive Darkness,436,f,,1689
Sonar,144,f,,1690
Dojo Kun,469,f,,1691
Hellapagos,95,f,,1693
Looterz,380,f,,1694
Pow!,95,f,,1701
Port Royal,202,f,,1702
Champions Of Midgard,470,f,,1703
Glux,180,f,,1705
Lazer Ryderz,103,f,,1707
Munchkin Shakespeare Deluxe,202,f,,1711
Wasabi!,95,f,,1713
Element,471,f,,1714
Mag-o-mag The Magnetic Labyrinth,128,f,,1715
Muertoons,202,f,,1717
Munchkin Spell Skool,202,f,,1718
Munchkin X-men,202,f,,1720
Fields Of Green,207,f,,1721
Porta Nigra,207,f,,1722
Unknown,473,f,,1723
Heroes and Tricks,458,f,,1647
Fate of The Elder Gods,466,f,,1676
In The Year of The Dragon,183,f,,1681
Lorenzo il Magnifico,436,f,,1708
One Deck Dungeon: Forest of Shadows,11,f,,1712
Pow!,95,f,,1620
The King's Abbey,460,f,,1650
Munchkin Oz: Guest Artist Edition,202,f,,1700
Quarto,95,f,,1661
51st State: Master Set,474,f,,1724
Alicematic Heroes,299,f,,1627
Apocrypha Adventure Card Game,445,f,,1631
Arcadia Quest: Inferno,436,f,,1726
Complicated Board Game the Card Game,448,f,,1622
Epic Card Game,332,f,,1692
Lift Off! Get me off this Planet!,458,f,,1634
Lil' Cthulhu,441,f,,1662
Munchkin Booty: Guest Artist Edition,202,f,,1699
Munchkin: Guest Artist Edition,202,f,,1710
Munchkin: Rick And Morty,202,f,,1719
Munchkin Zombies: Guest Artist Edition,202,f,,1697
No Regerts: The Game of Art and Poor Life Choices,447,f,,1625
Tesla vs. Edison: War of Currents,461,f,,1652
World's Fair 1893,334,f,,1628
Wazabi,95,f,,1695
Spirit Island,103,f,,1727
Arkwright,472,f,,1729
Cottage Garden,207,f,,1730
Zombicide,436,f,,1733
Munchkin Deluxe,202,f,,1736
Cry Havoc,474,f,,1737
A Column Of Fire,128,f,,1738
Cursed Court,14,f,,1739
Illimat,476,f,,1741
Shindig Machine,477,f,,1742
The Dragon & Flagon,207,f,,1743
Ascension: Storm Of Souls,93,f,,1747
Cities Of Splendor,479,f,,1748
Spynet,320,f,,1749
Oh Captain!,480,f,,1750
Dastardly Dirigibles,72,f,,1754
Doctor Panic,184,f,,1755
The North Sea Runesaga,334,f,,1756
Bidder Up!,183,f,,1757
Ethnos,464,f,,1759
Captain Sonar,144,f,,1764
Tail Feathers,174,f,,1766
Banana Bandits,472,f,,1768
Order Of The Gilded Compass,470,f,,1769
Photosynthesis,22,f,,1770
Spynet,481,f,,1772
Terraforming Mars,207,t,,1704
Modern Art,436,t,,1709
Scythe,478,t,,1744
Eschaton,475,t,,1740
Imperial Settlers,474,t,,1725
Kerala: The Way of the Elephant,128,t,,1623
Kingdom Builder,180,t,,1706
Kraftwagen,207,t,,1731
Lanterns: The Harvest Festival,334,t,,1651
The Climbers,472,t,,1716
Unicorn Glitterluck,467,t,,1680
Crossfire,174,f,,1775
The Others,106,f,,1777
Piratoons,207,f,,1781
Kaiju Crush,72,f,,1782
Hotshots,72,f,,1783
Meeple War,436,f,,1785
Doodle Quest,22,f,,1786
Dwarven Miner,471,f,,1789
Stop Thief,484,f,,1790
7 Ronin,470,f,,1791
Sentient,334,f,,1792
Downforce,484,f,,1793
Picassimo,422,f,,1794
Indulgence,484,f,,1796
Champions Of Midgard: The Dark Mountains,470,f,,1800
Mice And Mystics,174,f,,1801
Champions Of Midgard: Valhalla,470,f,,1802
Arcane Academy,328,f,,1803
Death Wish,372,f,,1805
Dark Moon,207,f,,1807
Gobblet Gobblers,22,f,,1808
Khan Of Khans,485,f,,1813
Planet Defenders,334,f,,1815
Loony Quest,134,f,,1817
Dr. Eureka,22,f,,1820
Dr. Microbe,22,t,,1821
Mascarade,184,f,,1823
"Age, Dark Overlord!",12,f,,1824
Secrets,184,f,,1825
Discoveries,331,f,,1828
Raptor,144,f,,1829
Elasund: The First City,128,f,,1830
Relic Runners,364,f,,1831
A Feast for Odin,481,f,,1811
Star Wars: X-wing Miniatures Game,70,f,,1816
Age of War,70,f,,1771
Clank! In! Space!,334,f,,1745
Descent: Journeys in the Dark (Second Edition),486,f,,1833
Game of Thrones: The Iron Throne,70,f,,1806
Game of Thrones: The Trivia Game,70,f,,1758
Game of Thrones: Westeros Intrigue,70,f,,1773
Kepler-3042,334,f,,1810
Raiders of the North Sea,334,f,,1761
Tales of the Arabian Nights,481,f,,1798
XenoShyft: Dreadmire,380,f,,1732
Dice Forge,479,f,,1762
Android: Mainframe,70,f,,1819
Ricochet Robots,246,f,,1799
Atlas: Enchanted Lands,334,f,,1752
"Aye, Dark Overlord! The Red Box",12,f,,1827
Bloodborne: The Card Game,436,f,,1818
Catan: Junior,144,f,,1776
The Quest for El Dorado,183,f,,1787
Fairy Tale,481,f,,1774
Gateway: Uprising,436,f,,1728
Hafid's Grand Bazaar,471,f,,1795
Hintegers,372,f,,1804
Munchkin Pathfinder: Guest Artist Edition,202,f,,1735
Nations: The Dice Game,207,f,,1746
World Championship Russian Roulette,482,f,,1780
Sparkle*Kitty,359,f,,1814
Star Munchkin: Guest Artist Edition,202,f,,1734
Stop Thief!,483,f,,1788
Zephyr: Winds of Change,393,f,,1760
Shadows Over Camelot,364,f,,1835
Junggle,320,f,,1838
Valletta,320,f,,1839
Cosmic Encounter,70,f,,1841
Ghost Stories,184,f,,1843
Nomads,12,f,,1845
Tragedy Looper,320,f,,1846
Oh Captain!,12,f,,1852
Super Motherload,488,f,,1853
Act Too,12,f,,1854
Steampunk Rally,488,f,,1855
You Are The Maniac,490,f,,1860
Black Hat,493,f,,1863
Cauldron,494,f,,1864
Alien Artifacts,474,f,,1865
Seikatsu,328,f,,1866
The Master's Trials: Wrath Of Magmaroth,495,f,,1867
Oath Of The Brotherhood: The Chosen,317,f,,1868
Custom Heroes,317,f,,1869
Hardback,350,f,,1871
Knot Dice,496,f,,1872
Panzer Leader,15,f,,1876
Spoils Of War,442,f,,1879
Spoils Of Ware,500,f,,1880
Quartz,167,f,,1882
Entropy,502,f,,1884
Skyward,502,f,,1885
Cv,503,f,,1886
Dragonfire,36,f,,1887
Wasteland Express Delivery Service,504,f,,1888
Tybor der Baumeister,147,t,,1779
Twilight Imperium: Fourth Edition,64,t,,1812
Ticket to Ride: Germany,364,t,,1797
Dr. Beaker,22,t,,1822
Go Go Gelato!,22,t,,1784
Lewis & Clark: The Expedition,12,t,,1848
Mysterium,134,t,,1832
Notre Dame,183,t,,1778
Santorini,488,t,,1851
Squad Leader,15,t,,1875
Survive: Escape from Atlantis!,207,t,,1809
Dragonfire,37,f,,1889
Hanamikoji,505,f,,1890
Guardians Of The Galaxy Vol. 2,337,f,,1891
Veggie Garden,505,f,,1892
Yogi,95,f,,1893
Noxford,506,f,,1894
Celestia,505,f,,1895
Pie Rats Of The Carob Bean,425,f,,1896
Star Wars: X-wing Miniatures Game,70,f,,1859
Alhambra,180,f,,1899
Okey Dokey,431,f,,1901
Harvest,431,f,,1902
Gold Raiders,505,f,,1903
12 Thieves,180,f,,1906
Metro,180,f,,1907
Telestrations,337,f,,1908
World Monuments,180,f,,1909
Fresco,180,f,,1910
Chimera Station,431,f,,1911
Armageddon,180,f,,1912
Mad Science Expo,317,f,,1914
Tip Tap,510,f,,1916
Exodus Fleet,431,f,,1917
Rush & Bash,505,f,,1918
Orcs Orcs Orcs,180,f,,1919
Viral,442,f,,1920
Hunt For The Ring,511,f,,1921
Captain Silver,180,f,,1922
J'accuse!,200,f,,1924
Conspiracy,512,f,,1925
Dead Last,200,f,,1926
Looting Atlantis,512,f,,1928
Divinity Derby,511,f,,1929
Last Friday,511,f,,1930
Biotix,200,f,,1931
Nosh,513,f,,1933
Alien Entity,514,f,,1934
This War Of Mine: The Board Game,516,f,,1936
Orcs Must Die! The Board Game: Unchained Edition,517,f,,1937
Orcs Must Die! The Board Game: Unchained Edition,518,f,,1938
Mistborn House War,513,f,,1939
Emergence,519,f,,1940
Apocrypha Adventure Card Game,445,f,,1881
Dice Throne: Season One,487,f,,1847
Super Pacs,434,f,,1856
Knit Wit,481,f,,1858
Aeon's End,122,f,,1870
Codenames: Marvel,224,f,,1897
Paramedics: Clear!,200,f,,1932
Citadels,64,f,,1857
Hex Hex XL,200,f,,1927
Lightning Dice,370,f,,1898
Professor Evil and the Citadel of Time,77,f,,1883
Abandon Planet,498,f,,1877
Bargain Quest,570,f,,1904
Pretending To Grownup,572,f,,1861
First Class: All Aboard the Orient Express!,320,f,,1849
Flip Ships,334,f,,1941
Mahou Shojo: Fight Like a Girl!,499,f,,1878
Automata NOIR,414,f,,1844
Rollers Deluxe,337,f,,1913
Spectre: Operations,272,f,,1850
Spot It!,12,f,,1837
StoryLine: Scary Tales,12,f,,1842
Super Mario: Level Up! Board Game,337,f,,1905
The Chameleon,509,f,,1915
The Thing: Infection at Outpost 31,224,f,,1935
T.I.M.E Stories,641,f,,1836
Les Miserables: Eve Of Rebellion,497,f,,1873
Winter Tales,69,f,,1942
Lost Valley: The Yukon Goldrush 1896,504,f,,1944
The Godfather: Corleone's Empire,464,f,,1949
Lazer Ryderz,521,f,,1950
Fuji Flush,207,f,,1951
Red Dragon Inn 5,197,f,,1963
Dead Last,525,f,,1968
Island Hopper,526,f,,1973
Isaribi,526,f,,1976
Pooky,197,f,,1978
Can't Stop,61,f,,1979
The Red Dragon Inn: Battle For Greyport,197,f,,1983
Star Realms: Colony Wars,332,f,,1987
1920 Wall Street,529,f,,1989
Montana,532,f,,1997
Dragonsgate College,534,t,,1999
Agra,535,f,,2000
Password Express,529,f,,2003
Unlock! Escape Adventures,479,f,,2004
Riverboat,146,f,,2005
Harvest Dice,470,f,,2006
Sar Wars Destiny,70,f,,2007
Star Cartel,538,f,,2008
Star Wars Next Generation,540,f,,2010
Loot Island,232,f,,2012
Kingdomino,22,t,,1970
Mini Rails,541,t,,2013
Perfect Hotel,528,t,,1988
Sagrada,527,t,,1980
Tulip Bubble,541,t,,2009
Flamme Rouge,522,t,,1954
Flamme Rouge,207,t,,1969
For Sale,105,t,,1948
Freedom: The Underground Railroad,520,t,,1947
Indian Summer,207,t,,1991
Secret Hitler,345,t,,1900
Alien Artifacts,543,f,,2015
Calimala,546,f,,2021
Stratego,547,f,,2022
Battleship,111,f,,2023
Riga,548,f,,2024
Cafe Fatal,549,f,,2025
Ex Libris,334,f,,2029
Wildcatters,553,f,,2034
Wildcatters,472,f,,2035
Merlin,180,f,,2037
Mall Madness,148,f,,2040
Fallout,69,f,,2042
Kitchen Rush,495,f,,2043
Favelas,240,f,,2044
Nusfjord,556,f,,2045
Noria,557,f,,2046
A Handful of Stars,455,f,,1996
Altiplano,405,f,,2002
Sid Meier's Civilization: A New Dawn,70,f,,1984
Noir: Automata,414,f,,1965
Downforce,484,f,,1956
Hintegers,372,f,,1981
John Company,536,f,,2001
Legend of the Five Rings Card Game,69,f,,2011
Majesty: For the Realm,320,f,,2028
Mystery of The Abbey,364,f,,1943
Space Freaks,207,f,,1995
Splendor,205,t,,1972
878: Vikings - Invasions of England,520,f,,1945
Valeria: Card Kingdoms,524,f,,1967
Splendor,205,t,,1985
7 Wonders,205,t,,1971
Love Letter,3,t,,1975
Baseball Highlights: 2045 - Spring Training,526,f,,1974
1775: Rebellion,520,f,,1946
Card City XL,554,f,,2039
Catan: Junior,184,f,,1959
Codenames: Disney Family Edition,349,f,,1952
Istanbul: The Dice Game,170,f,,1993
Kokoro: Avenue of the Kodama,122,f,,1953
The Red Dragon Inn 6: Villains,197,f,,1986
Starfarers of Catan,147,f,,1964
The Thing: Infection at Outpost 31,337,f,,1961
Pie Town,334,f,,1994
Wendake,405,f,,2019
Clue The Great Museum Caper,166,f,,2050
Upwords,148,f,,2051
Acquire,558,f,,2052
Jumanji,148,f,,2055
Opeation,148,f,,2056
Perfection,559,f,,2057
Uno,145,f,,2058
Captain Sonar,144,f,,1765
Can't Stop,61,f,,118
Above and Below,348,f,,1472
Bill & Ted's Excellent Boardgame,202,f,,1440
Bottom of The 9th,55,f,,1407
Catan Adventures: Candamir The First Settlers,128,f,,1834
Castles of Caladale,334,f,,1663
Century: Golem Edition,544,f,,2132
Explorers of The North Sea,334,f,,1763
Kodama: The Tree Spirits,410,f,,1391
Once Upon a Time: The Storytelling Card Game,14,f,,1384
Crystal Clans,174,f,,2124
Zombicide,465,f,,978
Organ Attack!,560,f,,2060
Deception: Murder In Hong Kong,470,f,,2062
Pandemic: Rising Tide,561,f,,2063
Pillars Of The Earth,128,f,,2066
Smile,561,f,,2067
Upstream,563,f,,2068
Majesty: For The Realm,561,f,,2069
Battle For Rokugan,70,f,,2070
Whitehall Mystery,70,f,,2071
Stuffed Fables,174,f,,2072
Peak Oil,563,f,,2073
Fire Of Eidolon,564,f,,2074
Darkrock Ventures,565,f,,2075
Otys,566,f,,2076
Boggle,110,f,,2059
Exceed Fighting System (lily Vs Ulrik),414,f,,2077
Welcome To,639,f,,2290
Cover Me,542,t,,2014
Ilos,550,t,,2026
The Palace of Mad King Ludwig,263,t,,2033
Shark Attack,148,t,,2054
Ticket To Ride,562,t,,2065
Ticket To Ride: Europe,562,t,,2064
Transatlantic,533,t,,1998
Xi'an,552,t,,2032
Clank!: A Deck-Building Adventure,334,t,,1962
Codenames,349,t,,1586
NMBR 9,481,t,,1966
NMBR 9,320,t,,1977
Ticket to Ride: First Journey (U.S.),364,t,,1982
Clans of Caledonia,555,t,,2041
Gaia Project,320,t,,2047
Import / Export,530,t,,1990
Keyper,429,t,,2038
Majesty: For the Realm,320,t,,2027
Meeple Circus,144,t,,2036
Pioneers,180,t,,2030
Queendomino,22,f,,2016
Mega Man Pixel Tactics: Mega Man Blue,414,f,,2078
Mega Man Pixel Tactics: Proto Man Red,414,f,,2079
Harvest,213,f,,2080
Lemuria,213,f,,2081
Millennium Blades,414,f,,2083
Herbalism,569,f,,2087
Nightmare Forest: Alien Invasion,362,f,,2088
Bargain Quest,570,f,,2089
Bunny Kingdom,568,f,,2090
Yamatai,562,f,,2091
Showdown! The Samurai Card Game,571,f,,2092
Strawberry Ninja,572,f,,2093
Venture Party,572,f,,2094
Master Of Wills,573,f,,2095
Burgle Bros.,350,f,,2096
The Lords Of Rock: Mosh Pit,362,f,,2097
Nightmare Forest: Udder Terror,362,f,,2098
Archmage Origins,362,f,,2099
The Lords Of Rock,362,f,,2100
Circular Reasoning: The Well Of Power,359,f,,2101
Stir Fry Eighteen,574,f,,2102
Royal Pairs,575,f,,2103
Star Realms: Colony Wars,576,f,,2104
Maximum Apocalypse,386,f,,2105
Lost Legacy: The Starship,577,f,,2106
Princess Jing,578,f,,2108
Rocks Of Ruin: Explorers Of The North Sea,334,f,,2109
Dinosaur Island,504,f,,2111
Biblios,568,f,,2113
Castell,334,f,,2114
Race To The New Found Land,561,f,,2115
Byzanz,334,f,,2116
Shipwrights Of The North Sea,334,f,,2117
Hall Of Heroes: Raiders Of The North Sea,334,f,,2118
Explorers Of The North Sea,334,f,,2119
Raiders Of The North Sea,334,f,,2120
Fields Of Fame: Raiders Of The North Sea,334,f,,2121
Sabordage,334,f,,2126
Pigment,580,f,,2127
Alchemists,52,f,,2131
Topiary,334,f,,2133
Tokyo Jidohanbaiki,530,f,,2136
Alien Frontiers,262,f,,27
Dice Forge,479,f,,2084
Lords Of Waterdeep,318,t,,2085
Pretending To Grownup,572,f,,1862
1313 Dead End Drive,166,f,,2053
Clank!: The Mummy's Curse,334,f,,2110
Attack of the Jelly Monster,566,f,,2123
CIV: Carta Impera Victoria,579,f,,2112
Catan: Junior,144,f,,145
Century: Spice Road,544,f,,2122
Codenames: Marvel,224,f,,1957
Flick 'em Up!,561,f,,2129
Lucidity: Six-Sided Nightmares,334,f,,2135
Sellswords: Olympus,414,f,,2082
Liar's Dice,12,f,,2128
A Game Of Thrones Catan,738,f,,2061
Tokyo Jutaku,530,f,,2137
Tokyo Metro,530,f,,2138
Dungeon Lords,52,f,,2139
Black Orchestra,262,f,,2140
Visitor In Blackwood Grove,583,f,,2142
Feudum,584,f,,2143
Junk Art,585,f,,2144
Blank,586,f,,2146
Decrypto,568,f,,2148
Fae,561,f,,2151
Dungeon Petz,52,f,,2155
The Prodigals Club,52,f,,2157
Adrenaline,52,f,,2158
Clubhouse Defense Squad,589,f,,2159
Smack Talk Showdown,590,f,,2161
7 Wonders Cities,591,f,,2162
Rum & Bones,593,f,,2165
Trambahn,136,f,,2167
Now Everyone Get The Fuck Out,594,f,,2169
Pretending To Grownup,572,f,,2170
Movie Buff,572,f,,2173
Pixel Glory: Light And Shadow - Light Version,372,f,,2174
Pixel Glory Light And Shadow: Shadow Version,372,f,,2175
Firefly Adventures: Brigands And Browncoats,597,f,,2176
Star Trek: Ascendancy,597,f,,2179
The Shipwreck Arcana,598,f,,2180
Alakaslam Racquets & Runes,599,f,,2181
Rise Of The Robotariat,600,f,,2182
Norsaga,598,f,,2184
The Grimm Forest,601,f,,2185
Kingdom Run,603,f,,2187
Dino Party,603,f,,2189
Stellium,603,f,,2190
Xcom: The Board Game,70,f,,2191
The Godfather: Corleone's Empire,464,f,,2193
Mega Man Pixel Tactics: Proto Man Red,605,f,,2194
Lost Legacy: The Starship,606,f,,2195
Thee Village Crone,72,f,,2198
Zombie Tower 3d,609,f,,2200
Chipleader,610,f,,2201
Drop It,128,t,,2130
Antiquity,588,t,,2149
Steam Park,568,t,,2145
The Mind,607,t,,2196
Unstable Unicorns,359,f,,2202
The Ultimate Clapback,611,f,,2203
Rock Paper Scissors Shoot!,612,f,,2204
Eleminis,613,f,,2206
The Battle Of Red Cliffs,614,f,,2207
Alhambra,180,f,,2172
Blood Rage,436,f,,2186
Dokmus,405,f,,2147
Flash Point: Fire Rescue,123,f,,305
Keyflower,181,f,,2199
King Of Tokyo,319,t,,2086
Lost Cities,128,f,,482
Moop's Monster Mashup,202,f,,1698
Once Upon a Time: The Storytelling Card Game,14,f,,2153
Puzzle Strike,195,f,,2197
Ricochet Robots,246,f,,678
Seasons,205,f,,2192
YeahNOPE,619,f,,2229
Tzolk'in: The Mayan Calendar,52,f,,1082
Venture Party,572,f,,2171
Altiplano,334,f,,2210
Prowler's Passage,334,f,,2211
My Little Scythe,340,f,,2212
Bugs In The Kitchen,183,f,,2217
Dragonwood,91,f,,2221
Squirmish,91,f,,2222
Pictopia : Harry Potter,183,f,,2225
Temporal Odyssey,618,f,,2227
Gunkimono,334,f,,2230
Circus Puppy,334,f,,2231
Clairvoyance,599,f,,2183
Dice Throne: Season One,615,f,,2209
Doctor Who: Time Of The Daleks,597,f,,2178
Firefly: The Game,597,f,,2177
Go Nuts for Donuts,91,f,,2216
Kanagawa,568,f,,2150
YOU are the Maniac!,490,f,,2168
The Incredibles: Save the Day Game,400,f,,2223
Cavemen Playing With Fire,610,f,,2208
Road Hog: Rule the Road,582,f,,2141
Henhouse Havoc,603,f,,2188
The Incredibles: Save the Day Game,400,f,,2214
Spy Club,334,f,,2215
Tash-Kalar: Arena of Legends,52,f,,2154
Automata NOIR,414,f,,2218
Munchkin Deluxe,202,f,,2220
Ya Blew It!,400,f,,2228
Junk Orbit,334,f,,2232
Noir: Automata,618,f,,2235
Jungle Speed,589,f,,2237
The Flow Of History,213,f,,2238
Nmbr9,561,f,,2242
Someone Has Died,401,f,,2243
Thornwatch,445,f,,2244
Rise Of Tribes,359,f,,2245
Expancity,359,f,,2246
Blue Lagoon,22,f,,2247
Brass: Lancashire,487,f,,2249
Coffee House,531,f,,2250
Coimbra,551,f,,2251
Detective,474,f,,2252
Everdell,620,f,,2253
Filipino Fruit Market,122,f,,2254
Flotsam Fight,621,f,,2255
Forbidden Sky,91,f,,2256
Founders Of Gloomhaven,622,f,,2257
From Batavia,623,f,,2258
Ganz Schon Clever,624,f,,2259
Gizmos,625,f,,2260
Harvest Island,626,f,,2261
Legend Of Cherry Tree,568,f,,2262
Let's Make A Bus Route,627,f,,2263
Megaland,348,f,,2264
Metrox,628,f,,2265
Moneybags,621,f,,2266
Nessos,568,f,,2267
On Tour,630,f,,2269
Passtally,531,f,,2270
Petrichor,632,f,,2272
Railroad Ink,633,f,,2273
Reef,634,f,,2274
Rolling World,635,f,,2275
Scarabya,22,f,,2277
Stock Hold'em,628,f,,2278
Sweet Stack,636,f,,2279
The Quacks Of Quedlinburg,624,f,,2280
Tiny Epic Zombies,452,f,,2281
Tomatomato,621,f,,2285
Troika,621,f,,2286
Vast: Mysterious Manor,427,f,,2287
Villainous,400,f,,2288
Warsaw: City Of Ruins,638,f,,2289
Agricola,147,t,,2125
Newton,465,f,,2268
Push Fight,343,t,,638
Root,427,t,,2276
Sheriff of Nottingham,442,t,,1955
Through the Ages: A New Story of Civilization,52,t,,848
Twilight Imperium: Fourth Edition,64,t,,2164
Tokyo Jutaku,637,t,,2283
Tokyo Metro,637,t,,2284
Brass: Birmingham,487,t,,2248
7 Wonders Duel,205,t,,2205
Stone Age,246,t,,2160
Pax Pamir: 2nd Edition,631,t,,2271
Tokyo Jidohanbaiki,637,f,,2282
Wind The Film,627,f,,2291
Clank! In! Space! Apocalypse!,334,f,,2293
Wok Star,350,f,,2296
Muse,505,f,,2297
The Legend Of The Cherry Tree That Blossoms Every Ten Years,568,f,,2298
Petrichor,644,f,,2301
"Aye, Dark Overlord! The Green Box",12,f,,1826
Ca$h 'n Gun$,591,f,,2166
Century: Eastern Wonders,544,f,,2239
Tyler Sigman's Crows,384,f,,2241
Dead of Winter: A Crossroads Game,174,f,,1558
Iliad: Heroes of Troy,497,f,,1874
Jurassic Park: Danger! Adventure Strategy Game,183,f,,2224
Mechs vs. Minions,403,f,,1481
Munchkin: The Nightmare Before Christmas,202,f,,1567
Munchkin: Guest Artist Edition,202,f,,1696
"San, Ni, Ichi",374,f,,1388
Sherlock Holmes Consulting Detective: Jack the Ripper & West End Adventures,12,f,,1753
Stitches: A Card Game of Monstrous Proportions,444,f,,1609
T.I.M.E Stories,641,f,,2295
War of the Ring (Second Edition),511,f,,1923
Zoinx!,91,f,,2233
My Little Scythe,478,f,,2300
Little Monster,646,f,,2304
A Game of Thrones: Catan - Brotherhood of the Watch,70,f,,1960
Space Hulk: Death Angel - The Card Game,70,f,,1356
Penny Arcade: The Game - Gamers vs. Evil,70,f,,1357
Carthago: Merchants & Guilds,472,f,,2240
The Tea Dragon Society Card Game,334,f,,2234
Cogs And Commissars,14,f,,2305
Memoarrr!,645,f,,2303
Carcassonne Safari,561,f,,2306
Narcos: The Board Game,593,f,,2308
Drop It,648,f,,2309
Anatomy Fluxx,138,f,,2310
Zendo,138,f,,2313
Gizmos,593,f,,2314
Dragon Castle,593,f,,2318
Folklore The Affliction,104,f,,2319
Arcadia Quest,593,f,,2321
Arcadia Quest: Inferno,593,f,,2322
Specter Ops Broken Covenant,174,f,,2323
Rising Sun,106,f,,2324
Starship Samurai,174,f,,2325
Kick-ass,593,f,,2326
Archmage,620,f,,2327
A Game Of Thrones: The Board Game,70,f,,2328
What's Up,646,f,,2329
Scare It!,646,f,,2330
Piepmatz,136,f,,2331
Brawl,42,f,,2332
When In Rome,651,f,,2333
Tak: University Edition,652,f,,2334
Key Flow,284,f,,2335
Neon Gods,174,f,,2337
Concept Kids: Animals,591,f,,2338
Cock Block,653,f,,2339
Color Addict,654,f,,2340
Pairs: Deluxe Edition,392,f,,2341
Ghost Blitz,655,f,,2342
Gaia,656,f,,2343
Fantastic Beasts: Perilous Pursuit,657,f,,2344
Samurai Jack: Back To The Past,657,f,,2345
Catch The Moon,658,f,,2346
Palm Island,393,f,,2348
Pairs,42,f,,2349
Yeti In The House,659,f,,2350
Get The Macguffin,138,f,,2351
"Before I Kill You, Mister Spy",42,f,,2352
The Works,42,f,,2353
Mary Engelbreit Loonacy,138,f,,2354
Cata Histories: Rise Of The Inkas,660,f,,2355
Schmatz Spatz,655,f,,2356
Micropolis,578,f,,2357
Mangrovia,655,f,,2358
Guardians,174,f,,2359
Hatsuden,659,f,,2360
Deadpool Vs The World,657,f,,2361
Tribe,659,f,,2362
Ponkotsu Factory,659,f,,2363
Kilt Castle,655,f,,2364
Age Of Civilization,661,f,,2365
Dragon Ball Z Power Up! Board Game,657,f,,2366
Tags,662,f,,2367
Azul,634,t,,2311
Beasty Bar,655,f,,2368
Here Comes The Dog,659,t,,2369
My Little Scythe,340,f,,2336
Orbis,641,f,,2316
Potion Explosion,593,t,,2347
Root,427,t,,2299
Yellow & Yangtze,640,t,,2292
Arcadia Quest: Riders + Inferno,593,f,,2320
Patchwork,136,t,,2315
Boss Monster: The Dungeon Building Card Game,283,f,,1141
Harry Potter: Hogwarts Battle,337,t,,1659
Heaven & Ale,551,t,,2031
Now Boarding,350,t,,2294
Okanagan: Valley of the Lakes,144,t,,2018
Rebel Nox,649,f,,2312
Catacombs & Castles,368,f,,2370
The Castles Of Burgundy: The Dice Game,183,f,,2371
Flick Fleck,655,f,,2372
Mesozooic,561,f,,2374
Give Me The Brain!,42,f,,2375
Telestrations After Dark,657,f,,2376
Choose Your Own Adventure: House Of Danger,561,f,,2377
Spinderella,655,f,,2378
The Island Of Doctor Lucky,42,f,,2379
Monster Meister,655,f,,2380
Moono,655,f,,2381
Lord Of The Fries,42,f,,2382
Beasty Bar,655,f,,2383
Clue: Five Nights At Freddy's,657,f,,2384
Ion: A Compound Building Game,663,f,,2385
Covalence: A Molecule Building Game,663,f,,2386
Lorenzo Il Magnifico,593,f,,2387
Subatomic: An Atom Building Games,663,f,,2389
Grifters,122,f,,2391
Splendor,641,f,,2392
Imhotep: A New Dynasty,128,f,,2394
Schuttel's,655,f,,2395
Snow White And The Seven Dwarfs: A Gemstone Mining Game,657,f,,2396
Get Lit!,655,f,,2397
Arboretum,334,f,,2398
Fox's Party,655,f,,2399
Pig 10,655,f,,2400
Potato Man,655,f,,2401
Privacy,657,f,,2403
1906 San Franciso,529,f,,2404
Chickwood Forest,655,f,,2406
Don't Mess With Cthulhu Deluxe,122,f,,2408
Shogunate,375,f,,2409
Low Lands,561,f,,2410
Newton,593,f,,2411
Impact: Battle Of Elements,183,f,,2412
Exodus: Paris Nouvea,122,f,,2413
Whistle Stop,263,f,,2414
Flick 'em Up!: Dead Of Winter,585,f,,2415
Stuff And Nonsense,42,f,,2416
Button Men,42,f,,2417
Get Lucky,42,f,,2418
The Castles Of Burgundy: The Card Game,617,f,,2419
Codenames: Disney Family Edition,52,f,,2420
Railroad Ink: Blazing Red Edition,633,f,,2421
Werewords Deluxe Edition,263,f,,2422
Startups,621,f,,2423
Insider,621,f,,2424
Western Legends,665,f,,2426
Zogen,621,f,,2427
The Pyramid's Deadline,621,f,,2428
A Fake Artist Goes To New York,621,f,,2429
Cryptid,538,f,,2430
The River,562,f,,2431
Werebeasts,263,f,,2434
Hand Of Fate: Ordeals,502,f,,2435
Deadwood Studios Usa,42,f,,2436
Mea Culpa,655,f,,2437
Treasure Island,578,f,,2439
Discover: Lands Unknown,70,f,,2440
Dreams,655,f,,2441
Taj Mahal,561,f,,2442
History Of The World,561,f,,2443
Ghost Blitz 2,655,f,,2444
5 Minute Chase,666,f,,2445
Ubongo: Fun-size Edition,128,f,,2447
Shadows In Kyoto,569,f,,2448
Between Two Castles Of Mad King Ludwig,340,f,,2449
Mercado,128,f,,2450
Lost Cities: Rivals,128,f,,2452
Samurai Vassal,661,f,,2453
Brikks,624,f,,2454
Nut So Fast,668,f,,2455
Realm Of Sand,569,f,,2456
Sorcerer & Stones,569,f,,2457
Ghost Blitz: Spooky Doo,655,f,,2458
Black Skull Island,646,f,,2459
Saint Malo,617,f,,2460
Architects Of The West Kingdom,334,f,,2461
Fireworks,334,f,,2462
Cacao,561,f,,2463
La Isla,617,f,,2464
Round House,669,f,,2465
Railroad Ink: Deep Blue Edition,593,f,,2466
Railroad Ink: Blazing Red Edition,593,f,,2467
A Song Of Ice & Fire: Tabletop Miniatures Game - Stark Vs Lannister Starter Set,593,f,,2468
"Roll For Your Life, Candyman!",200,f,,2469
Meowmeow Mia,670,f,,2470
Anchors Aweigh!,561,f,,2472
Unlock! Secret Adventures: Tombstone Express,641,f,,2473
Hanamikoji,569,t,,2451
Mysterium,205,f,,2388
Smile,561,f,,2471
Villa Paletti,655,t,,2407
Flip Over Frog,664,f,,2405
Human Era,402,t,,2373
Lords Of Vegas,147,t,,2438
Pandemic: Fall Of Rome,561,t,,2432
Reef,581,t,,2433
Roll Player,667,t,,2446
The Grizzled: Armistice Edition,593,t,,2390
Ticket To Ride: New York,562,t,,2393
Great Western Trail,671,f,,2474
Altiplano,537,f,,2475
New York Slice,263,f,,2476
Condottiere,561,f,,2477
Shadowscape,534,f,,2478
Bite Night,655,f,,2479
Shadows: Amsterdam,566,f,,2480
Castles Of Mad King Ludwig,263,f,,2481
Colony,263,f,,2483
Trivial Pursuit: Rick And Morty Edition,110,f,,2484
Wildlands,538,f,,2485
Ramen Fury,672,f,,2486
Dream On!,593,f,,2487
Nitro Glyxerol,655,f,,2488
Heroes Of Terrinoth,70,f,,2489
Koi,668,f,,2492
Dragon Whisperer,421,f,,2493
Tower Of Madness,200,f,,2494
Showtime,170,f,,2495
Munchkin Magical Mess,202,f,,2497
Curli Kuller,170,f,,2498
Super Kitty Bug Slap,202,f,,2499
Trapwords,52,f,,2500
Before There Were Stars,668,f,,2501
Castle Rampage,170,f,,2502
Illuminati,202,f,,2503
Spanc: Space Pirate Amazon Ninja Catgirls,202,f,,2504
Conspiracy Theory,202,f,,2505
Munchkin Sketch Edition,202,f,,2506
Blob Lobber,202,f,,2508
Spiky Dastards,17,f,,2510
Wordsy,342,f,,2511
Ramen Fury,673,f,,2512
Cytosis: A Cell Biology Game,663,f,,2513
Robotech: Ace Pilot,299,f,,2514
Robotech: Attack On The Sdf-1,299,f,,2515
Fluff,17,f,,2516
A Game About Weird Things Humans Search For,509,f,,2517
Get Off My Land!,674,f,,2518
King Of Tokyo,568,t,,2302
Codenames: Harry Potter,657,f,,2519
Sticky Chameleons,568,f,,2520
Tempurra,568,f,,2521
Rent A Hero,568,f,,2522
Schotten Totten,568,f,,2523
"British Vs Pirates, +addon",519,f,,2524
Good Critters,442,f,,2525
Senshi,442,f,,2526
Rwby: Combat Ready,442,f,,2527
Shifting Realms,675,f,,2528
Dice Settlers,534,f,,2529
Whatever,676,f,,2530
Critical Mass: Raijin Vs. Archon,677,f,,2531
Critical Mass: Raijin Vs. Archon,442,f,,2532
Raids,568,f,,2533
The Big Book Of Madness,568,f,,2534
Mountains Of Madness,568,f,,2535
Barbearian Battlegrounds,104,f,,2536
Snow White And The Seven Dwarfs: A Gemstone Mining Game,167,f,,2537
Samurai Jack: Back To The Past,515,f,,2538
Blank Slate,657,f,,2539
Top That Toast,359,f,,2540
No Honor Among Thieves,678,f,,2541
Fog Of Love,679,f,,2542
Demon Worker,299,f,,2543
Victorian Masterminds,593,f,,2544
Super Hack Override,681,f,,2546
Fire In The Library,682,f,,2547
Tanto Cuore: Romantic Vacation,299,f,,2549
Sword Of Fellows,299,f,,2550
Taunto Cuore: Beach Volleyball,299,f,,2548
The Terrifying Girl Disorder,299,f,,2551
The Haunting House: Condemned Edition,223,f,,2552
Fairy Tile,568,f,,2553
The Red Dragon Inn 7: The Tavern Crew,197,f,,2554
The Island Of Misfit Friends,223,f,,2555
Zombie Town,223,f,,2556
Sagrada 5-6 Player Expansion,527,f,,2557
Dragon Pets,299,f,,2558
Stellar Leap,681,f,,2559
Wakening Lair,471,f,,2560
Cartooner,299,f,,2561
Illusion,504,f,,2562
The Red Dragon Inn Allies Spyke And Flower,197,f,,2563
Stockpile,683,f,,2564
Crosstalk,683,f,,2565
Zombies,223,f,,2566
The Reckoners,683,f,,2568
Nyctophobia The Hunted,504,f,,2569
Happy Salmon,157,f,,2570
Roll Player,684,f,,2571
Vault Of Dragons,597,f,,2572
Rock Paper Wizard,240,f,,2573
Seal Team Flix,240,f,,2574
Cthulhu!,223,f,,2575
Bad Medicine,342,f,,2507
Fog Of Love,679,f,,2545
Narcos: The Board Game,436,f,,2490
Wok Star,350,f,,2576
Coimbra,671,t,,2482
Crown Of Emara,170,t,,2491
The Quacks Of Quedlinburg,157,t,,2567
Turin Market,637,f,,2496
Doppelganger,240,f,,2577
Fungeom Party,240,f,,2578
Star Trek: Galactic Enterprises,240,f,,2579
Kings' Struggle,240,f,,2580
Kung-fu Zoo,240,f,,2581
Bumuntu,240,f,,2582
Robit Riddle,686,f,,2583
Luxor,180,f,,2584
Franchise,180,f,,2585
Enuk,687,f,,2586
Sideral Confluence,240,f,,2587
Dice Throne: Season Two,487,f,,2588
Monarch,583,f,,2589
Marvel Strike Teams: Heroclix,240,f,,2590
Rick And Morty: Total Rickall,51,f,,2591
Skylands,180,f,,2593
Bastille,180,f,,2594
Rick And Morty: Close Rick-counters Of The Rick Kind,51,f,,2595
Dc Confrontations,51,f,,2596
Magic The Gathering: Heroes Of Dominaria,240,f,,2597
Master Of Orion: Conquest,37,f,,2598
"Good Dog, Bad Zombie",688,f,,2599
Bitten,689,f,,2600
I Would Fight That Dragon...,689,f,,2601
Greedy Kingdoms,577,f,,2603
Trainmaker,577,f,,2604
Magical Treehouse,577,f,,2605
Space Base,577,f,,2606
Pantone,51,f,,2608
Rick And Morty Anatomy Park,50,f,,2609
Microfilms,554,f,,2610
Crossover Crisis,50,f,,2611
Epic Spell Wars Of The Battle Wizards: Duel At Mt. Skullzfyre,51,f,,2612
Spyfall,51,f,,2613
Epic Spell Wars Of The Battle Wizards: Panic At The Pleasure Palace,51,f,,2614
Teen Titans Go!,51,f,,2615
Epic Spell Wars Of The Battle Wizards: Melee At Murdershroom Marsh,51,f,,2616
Epic Spell Wars Of The Battle Wizards: Rumble At Castle Tentakill,51,f,,2617
Crossover Crisis,51,f,,2618
Wallet,690,f,,2619
Shadowrun: Zero Day,37,f,,2620
Million Dollars But...,691,f,,2621
Spirits Of The Rice Patty,692,f,,2623
Valparaiso,537,f,,2624
"Obsession Pride, Intrigue, And Prejudice In Victorian England",693,f,,2625
Walking In Burama,569,f,,2626
Nemeton,694,f,,2627
Monster Land,696,f,,2629
Gbosi,697,f,,2631
Luku Luku,697,f,,2632
Ukubuwa,697,f,,2633
Chiyawa,697,f,,2634
Trapwords,698,f,,2635
Homia,697,f,,2638
A Game Of Folklore,697,f,,2639
17 Steps,697,f,,2640
Safe Journi,697,f,,2641
Oyy! Aa,697,f,,2642
Orbis,641,f,,2646
More Dude,702,f,,2647
Men At Work,585,f,,2648
Dude,702,f,,2649
Cheese Quest,704,f,,2651
Pandemic: Fall Of Rome,705,f,,2652
The Captain Is Dead,577,f,,2653
The Great City Of Rome,706,f,,2654
The Captain Is Dead Lockdown,577,f,,2655
Captains Of The Gulf,707,f,,2656
Most Wanted,157,f,,2657
Monster Match Game,157,f,,2659
Funky Chicken Card Game,157,f,,2660
Scorpius Freighter,577,f,,2661
Thunderstone Quest,577,f,,2662
Chronicles Of Crime,709,f,,2664
Gen 7,174,f,,2665
Auztralia,207,f,,2666
Pandoria,710,f,,2667
Nosedive,12,f,,2669
Strange Vending Machine,711,f,,2670
Expedition Zetta Charting The Universe,713,f,,2672
Cat Rescue,614,f,,2673
Gravity Superstar,196,f,,2675
Solenia,714,f,,2676
Master Of Respect,715,f,,2677
Airship City,531,f,,2678
Cerebria The Inside World,701,t,,2645
Ghosts Of The Moor,213,f,,2679
Lindisfarne,700,t,,2674
Mahardika,695,t,,2628
Small World,562,t,,2622
Smartphone Inc,712,t,,2671
Tag City,700,t,,2643
Tales Of The Northlands The Sagas Of Noggin Of The Nog,699,t,,2637
Trollfjord,655,t,,2636
7 Wonders w/ Armada Expansion,591,t,,2592
Smash Up,577,t,,2602
Forum Trajanum,207,t,,2680
Futuropia,207,t,,2668
Ice Cool,451,t,,1608
Mgbako,697,t,,2630
Reykholt,334,t,,2644
Warsaw: City Of Ruins,157,t,,2658
War Chest,577,t,,2607
Bad Bones,196,f,,2684
Raiatea,535,f,,2685
The Estates,720,f,,2687
Carpe Diem,617,f,,2691
Arrial,723,f,,2693
Gugong,724,f,,2694
Narabi,561,f,,2695
Teotihuacan,534,f,,2697
Monolith Arena,474,f,,2701
Gingerdead House,136,f,,2703
Gingerbread House,136,f,,2704
Lift Off,728,f,,2705
Loopin' Louie,729,f,,2706
Hungry Hungry Hippos,111,f,,2707
Trouble,111,f,,2708
Pass The Pigs,237,f,,2709
Guess Who?,110,f,,2710
Operation,148,f,,2711
Candyland,110,f,,2712
Chutes And Ladders,111,f,,2713
Yahtzee,111,f,,2714
Clue,111,f,,2715
Pay Day,111,f,,2716
Classic Sorry!,110,f,,2717
Scrabble,111,f,,2718
Connect 4,111,f,,2719
Clue,166,f,,2720
Sorry!,166,f,,2721
Stratego,148,f,,2722
Clue Master Detective,111,f,,2723
Devil's Triangle,730,f,,2724
The Collector,15,f,,2725
Breakthru,731,f,,2726
Labyrinth,258,f,,2727
Feudal,732,f,,2728
Stock Ticker,733,f,,2729
Sorrry!,166,f,,2730
Aggravation,111,f,,2731
Triple Cross,237,f,,2732
Aggravation,734,f,,2733
This Game Is Bonkers,166,f,,2734
Risk,166,f,,2735
Block Head!,166,f,,2736
Tales & Games: The Hare & The Tortoise,185,f,,2737
Avalanche,166,f,,2738
Scotland Yard,183,f,,2739
The Game Of Life,148,f,,2740
Niagara,185,f,,2741
Sagaland,183,f,,2742
Stay Alive,148,f,,2743
Mastermind,730,f,,2744
Diplomacy,735,f,,2745
Booby-trap,166,f,,2746
Pretty Pretty Princess,148,f,,2747
Marblehead,736,f,,2748
Magnetic Playing Cards,737,f,,2749
Star Trek: The Next Generation,540,f,,2750
Cahoots,91,f,,2755
Catan Crop Trust,127,f,,2756
The Estates,739,f,,2759
Catan Histories: Rise Of The Inkas,740,f,,2761
On Tour,742,f,,2765
The Princess Bride: Prepare To Die! Again!!,262,f,,2767
The Big Score,743,f,,2768
It Dies With Me,359,f,,2770
The Era Of Voyage- Discovery,569,f,,2771
Twin It!,91,f,,2772
Trash Pandas,91,f,,2773
Counterfeiters,535,f,,2774
Catan Dice Games,147,f,,2775
Qwixx Deluxe,91,f,,2776
Dark Souls The Card Game,745,f,,2777
The Red Dragon Inn 4,197,f,,2778
Catan Histories: Rise Of The Inkas,660,f,,2779
The Red Dragon Inn Allies Spyke And Flower,202,f,,2780
Cantankerous Cats,359,f,,2781
The King's Guild,746,f,,2782
Equilibrix Connect,747,f,,2783
Pipeline,472,f,,2784
A Game Of Thrones Catan,69,f,,2307
The Networks,342,f,,2509
Welcome To,639,f,,2753
Welcome To,639,f,,2763
Splendor,12,t,,2402
Blackout: Hong Kong,671,f,,2692
A Pleasant Journey To Neko,703,t,,2650
Ceylon,718,t,,2683
Majolica,725,t,,2696
Here Comes The Dog,741,t,,2762
Mini Wwii,726,t,,2700
Racoon Tycoon,721,t,,2688
Potion Explosion,593,t,,2760
Ragusa,727,t,,2702
Soviet Kitchen,744,t,,2769
Streaming,529,t,,2699
Symphony No 9,541,t,,2698
The Estates,739,f,,2764
Tigris & Euphrates,738,t,,2757
Voll Pfosten,655,t,,2754
Brikks,719,f,,2686
Modern Art,593,t,,2758
Fury of Dracula,70,t,,1318
Holding On The Troubled Life Of Billy Kerr,717,t,,2681
Key Flow,608,t,,2682
Planet,22,t,,2689
Underwater Cities,722,t,,2690
Villainous,337,t,,2213
Carcassonne,481,t,,1958
Eye My Favorite Things,708,t,,2663
Galaxy Trucker,349,f,,2152
Ticket to Ride,364,t,,1751
London,538,t,,2020
Qwixx,91,t,,2752
VOLT: Robot Battle Arena,272,f,,2317
Ascension: Rise of Vigil,203,f,,52
Carcassonne,320,t,,1840
Tzolk'in: The Mayan Calendar,52,t,,2107
Azul,634,t,,2017
Azul,634,t,,2134
Confusion: Espionage and Deception in the Cold War,207,t,,186
Discworld: Ankh-Morpork,147,t,,1030
El Grande,185,t,,273
Lagerstatten,531,t,,1992
Potion Explosion,436,t,,1682
Rent a Hero,3,f,,1146
Roll Through the Ages: The Bronze Age,105,f,,691
The Castles Of Burgundy,183,t,,1461
Through the Ages: A New Story of Civilization,52,t,,2156
Jungle Speed,12,t,,424
Cat Lady,577,t,,2751
Morels,278,t,,1125
Ra,185,t,,657
Tigris & Euphrates,64,t,,1767
Dancing Eggs,748,f,,2785
Fae,749,f,,2786
Five Tribes The Djinns Of Naqala,750,f,,2787
Oddville,232,f,,2788
Azul,581,f,,2789
Railroad Revolution,232,f,,2790
Dead Of Winter: A Crossroads Game,174,f,,2791
Fuji,751,f,,2794
Dice Forge,566,f,,2796
Surfer,752,f,,2798
Crown De Fleur,753,f,,2799
Kingdom Of Aer Kingmaker,753,f,,2800
Churrascaria,754,f,,2801
Kodama Duo,755,f,,2802
Grifters Nexus,756,f,,2803
New Corp Order,563,f,,2804
Neom,136,f,,2805
Dracarys Dice,175,f,,2806
Battle Penguins,757,f,,2807
18 Lilliput,758,f,,2808
Newfoundland Jam,492,f,,2810
The Contender: The Game Of Presidential Debate,760,f,,2811
Nyctophobia The Hunted,322,f,,2812
The Mind,322,f,,2813
Illusion,322,f,,2814
Robotech: Force Of Arms,362,f,,2815
Hermetica,761,f,,2816
Welcome To Your Perfect Home,639,f,,2817
Cement Shoes,762,f,,2818
Funky Chicken Card Game,763,f,,2819
Burgle Bros.,685,f,,2820
Wits & Wagers Party Edition,157,f,,2821
Eschaton + Expansion,475,f,,2822
Junggle,749,f,,2823
Race For The Chinese Zodiac,408,f,,2824
U-boot The Board Game,171,f,,2825
Trajan,334,f,,2826
Ghostbusters The Card Game,334,f,,2827
Avalon,122,f,,2828
Muchkin Legends,202,f,,2832
Healthy Heart Hospital,764,f,,2833
The Quest For El Dorado,183,f,,2834
Survive: Escape From Atlantis!,207,f,,2835
Wingspan,340,f,,2836
Narabi,749,f,,2837
Aerion,749,f,,2838
Paper Tales,207,f,,2839
Noctiluca,749,f,,2842
Quirky Circuits,174,f,,2843
Keyforge,70,f,,2844
Petra,334,f,,2845
Clank!: A Deck-building Adventure,334,f,,2846
Fine Sand,207,f,,2847
Spell Smashers,334,f,,2849
The Boldest,207,f,,2850
Saint Malo,183,f,,2851
Gold Fever,207,f,,2852
Slap It!,334,f,,2853
Fool!,207,f,,2854
Nusfjord,136,f,,2856
Nemo's War,764,f,,2859
Choose Your Own Adventure: House Of Danger,749,f,,2860
Renegade,764,f,,2861
Hokkaido,334,f,,2863
Super Punch Fighter,174,f,,2865
Fear,207,f,,2866
Fortress,207,f,,2867
Flee,207,f,,2868
Fortune,207,f,,2869
Gravwell: Escape From The 9th Dimension,334,f,,2870
Sol,766,f,,2872
We're Doomed!,359,f,,2874
Sparkle*kitty Nights,359,f,,2875
Sparkle*kitty,359,f,,2876
Game Of Phones,359,f,,2877
The Stars Align,359,f,,2878
Trellis,359,f,,2879
Somnium: Rise Of Laputa,372,f,,2881
Toe Sham Bo,372,f,,2882
Valhallamas,767,f,,2883
Drinking Quest: Journey Into Draught,492,f,,2884
Drinking Quest: Liquor Before Honor,492,f,,2885
Caper,768,f,,2886
Hexix,769,f,,2887
Godsforge,14,f,,2888
7 Wonders Duel,591,t,,2830
Agricola,136,t,,2792
Carcassonne,749,t,,2793
Love Letter: Premium Ed,749,t,,2855
Machi Koro,765,t,,2862
Modern Art,759,t,,2809
NMBR 9,749,t,,2840
Stoneage Anniversary,749,t,,2848
Ticket To Ride: New York,750,t,,2841
Courier,752,t,,2797
Honga,748,t,,2871
Just One,591,t,,2829
Pandemic,749,t,,2795
Riverboat,147,t,,2857
Sheriff Of Nottingham,759,t,,2864
Small World,750,t,,2831
Tigris & Euphrates,70,t,,2858
Space Park,768,f,,2889
Scram,776,f,,2900
Second Chance,207,f,,2907
Bearicades,783,f,,2921
Hexix,785,f,,2926
Red Scare Redux,508,f,,2927
Revolver 2,207,f,,2928
Game Of Thrones Oathbreaker,789,f,,2948
Codenames,787,t,,2939
Awkward Moment,315,f,,2891
Buffalo,315,f,,2892
Visitor In Blackwood Grove,771,f,,2893
Peasant Buffet,773,f,,2896
Exiled Legends,775,f,,2898
Unstable Unicorns,435,f,,2899
Unstable Unicorns,775,f,,2901
Web Of Spies,572,f,,2903
Daring Contest,775,f,,2904
In A World Of Dinosaurs,572,f,,2912
Ars Alchimia,716,f,,2914
Forbidden Sky: Height Of Danger,782,f,,2915
7 Wonders With Armada,591,t,,2919
The Quest For El Dorado With Heroes & Hexes,183,f,,2920
Schrodinger's Cats,783,f,,2923
Fight Of Indines,414,f,,2930
War Of Indines,414,f,,2931
Adrenaline Including Expansions,786,f,,2938
Pictomania,787,f,,2941
Codenames Xxl,787,f,,2942
Codenames Pictures Xxl,787,f,,2943
Gonuts For Donuts!,91,f,,2945
Ponkotsu Factory,770,t,,2890
Darkness,772,f,,2894
Crap Or Slap! What Would You Do?,223,f,,2925
Through The Ages: A New Story Of Civilization,786,f,,2935
Galaxy Trucker,786,f,,2937
Forbidden Sky: Height Of Danger,91,f,,2946
Pretending To Grownup,492,f,,2895
Llamas Unleashed,774,f,,2897
Subtext,207,f,,2906
Battle Of Durak,780,f,,2910
Bloom,91,f,,2913
Azul Stained Glass Of Sintra,581,f,,2916
Jak And Poi,784,f,,2924
The Manhattan Project: Energy Empire,344,f,,2932
Arcadia Quest: Riders + Inferno,759,f,,2933
Trapwords,786,f,,2934
Getaway Driver,777,f,,2902
Borderlands Tiny Tina's Robot Tea Party,778,f,,2905
Crumbs,779,f,,2909
Puzzle Me!,781,f,,2911
I Can't Even With These Monsters,618,f,,2917
Missile Command,765,f,,2918
Kobold's Ate My Baby! Knuckle Sammich Card Game,783,f,,2922
Noir Of Indines,414,f,,2929
Adrenaline,786,f,,2936
That's A Question!,787,f,,2940
This Game Goes To Eleven,91,f,,2944
Cargo Express,788,f,,2947
Time Chase,334,f,,2950
Artsee,334,f,,2951
Mystery Of The Temples,669,f,,2952
Neanderthal,536,f,,2953
Greenland,536,f,,2954
Destination X,649,f,,2955
Scoundrels Of Skullport,567,f,,2956
Power Ranger's: Heroes Of The Grid,334,f,,2957
Arcadia Quest: Inferno,464,f,,2958
Status Report!,448,f,,2960
A Game Of Thrones,789,f,,2961
Herbalism,669,f,,2962
Collectors And Capers,790,f,,2963
Affectionate Cats And Cuddles (with It's Treat Time! Expansion),790,f,,2964
Dice Throne: Season Two (gunslinger V Samurai),487,f,,2965
Bargain Quest,334,f,,2966
Little Town,791,f,,2967
Foodies,759,f,,2968
Terror Below,334,f,,2969
Abomination: The Heir Of Frankenstein,591,f,,2970
Abomination: The Heir Of Frankenstein,174,f,,2971
The Artemis Project,793,f,,2973
City Of The Build Shoulders,794,f,,2975
Black Angel,714,f,,2976
Sierra West,666,f,,2977
Tricks And The Phantom,621,f,,2979
Watergate,472,f,,2980
City Of The Build Shoulders (with Burden Of Destiny),794,f,,2982
Obscurio,566,f,,2983
God Of War: The Card Game,759,f,,2984
Shadowrift,262,f,,2987
Dixit,566,f,,2988
Rechord,574,f,,2989
Roll For Adventure,128,f,,2990
Deep Blue,750,f,,2991
Marvel Champions,70,f,,2992
Tribes - Dawn Of Humanity,128,f,,2993
Darkest Night,764,f,,2994
Catan: Starfarers,660,f,,2995
Curios,577,f,,2996
Until Daylight,795,f,,2997
Cartographers,667,f,,2998
For The Crown,764,f,,2999
Tiger Stripes,262,f,,3000
Planetoid,393,f,,3001
Zulus On The Ramparts,764,f,,3004
Arkham Horror: Final Hour,70,f,,3005
Naga Raja,117,f,,3006
Farlight,262,f,,3007
Dominion: Nocturne,185,f,,3008
Dominion: Renaissance,185,f,,3009
Dominion: Mixed Box,185,f,,3010
Dominion: Empires,185,f,,3011
Team 3,451,f,,3012
Parks,768,f,,3013
Shadow Rivals,541,f,,3014
Kushi Express,797,f,,3015
Trieste,764,f,,3016
"I Say, Holmes!",764,f,,3017
Chess Plus,798,f,,3018
Megacity Oceania,717,f,,3019
Chop! Chop!,799,f,,3020
Cubissimo,799,f,,3021
Space Gate Odyssey,579,f,,3022
Battlelands,174,f,,3024
Arkham Noir,718,f,,3026
Spot It! Holidays,12,f,,3027
Spot It! Basic Spanish,12,f,,3028
Spot It Jr.! Animals,12,f,,3029
Spot It! Basic French,12,f,,3030
Marvel Fluxx,138,f,,3032
Jumanji Fluxx,138,f,,3033
Star Trek Chrono-trek,138,f,,3034
The Princess Bride: A Battle Of Wits,262,f,,3035
Ankh'or,641,f,,3036
Time Breaker,138,f,,3038
Adventure Games: The Dungeon,128,f,,3039
Adventure Games: Monochrome Inc.,128,f,,3040
Love Letter,749,t,,3025
Ticket To Ride,750,t,,2985
Ticket To Ride: Europe,750,t,,2986
Bamboleo,796,t,,3002
Hadara,749,t,,2974
Isthar: Gardens Of Babylon,792,t,,2972
Jaipur,641,t,,3037
Medium,103,t,,3023
Maskmen,621,t,,2949
Mr Face,621,t,,2978
Nexus Infernum,475,t,,2959
Point Salad,577,t,,2981
Tokyo Highway,659,t,,2908
Corinth,750,f,,3043
Shadowrift: Skittering Darkness,262,f,,3048
Niwa,799,f,,3056
World Shapers,666,f,,3057
Get Packing,12,f,,3058
My First Stone Age,749,f,,3059
Copenhagen,802,f,,3064
Copenhagen,179,f,,3065
Ecos,577,f,,3073
Coralia,284,f,,3074
Dino Dude Ranch,805,f,,3078
Escape Tales: Low Memory,666,f,,3085
Ogre Under,672,f,,3086
Hundreds Of Horses,183,f,,3090
Gambit Royale,185,f,,3091
Cthullhu - Death May Die,759,f,,3093
Butterfly,185,f,,3096
Gem Rush,764,f,,3097
Honshu,587,f,,3099
Pyramid Of Pengqueen,451,f,,3105
Teotihuacan - Late Preclassic Period,666,f,,3106
A Game Of Thrones: Card Game,70,f,,3107
Equinox,810,f,,3110
Risk: Halo Legendary Edition,110,f,,3113
Rooster Rush,341,f,,3120
Dragonscales,442,f,,3123
Ideology: The War Of Ideas (second Edition),749,f,,3128
Zombie Tower 3d,353,f,,3129
Invasion From Outer Space: The Martian Game,74,f,,3130
Kokoro: Avenue Of The Kodama,122,f,,3138
Ubongo,749,f,,3146
Architectura,442,f,,3153
Lightning Dice,425,f,,3154
Volcanic Isle,442,f,,3155
Tales & Games: The Hare & The Tortoise,823,f,,3157
Mysterium,566,f,,3163
Fairy Mischief,428,f,,3168
Dabble,825,f,,3171
Order Up,827,f,,3173
Slap Down,370,f,,3178
Pie Rats Of The Carob Bean Farm,425,f,,3179
Get Bit!,341,f,,3187
Zodiac Clash,729,f,,3198
Silver: Amulet,263,f,,3201
Rum & Bones Second Tide,759,f,,3202
Battle For Biternia,831,f,,3205
Xia Legends Of A Drift System,832,f,,3206
Cloudspire,833,f,,3207
Gloom Of Thrones,14,f,,3212
Extraordinary Adventures: Pirates!,721,f,,3217
Everdell Pearlbrook Collector's Edition,620,f,,3218
Blocker,835,f,,3221
Bees: The Secret Kingdom,836,f,,3222
Thats Not Lemonade!,482,f,,3225
Meeple Party,840,f,,3234
Dokmus,334,f,,3241
Rhino Hero,748,f,,3245
Twilight Imperium (third Edition),70,t,,3151
Clack!,800,t,,3041
Miyagi,748,t,,3240
Vegas Wits And Wagers,157,t,,3203
No Thanks!,800,f,,3042
Rescue Animals,646,f,,3050
Detective Club,22,f,,3060
Medium,801,f,,3062
Hamsterrolle,655,f,,3063
Chakra,803,f,,3067
Tip Top Clap,799,f,,3070
Walls Of York,629,f,,3081
Escape Tales: The Awakening,666,f,,3088
Paris New Eden,578,f,,3098
Pikoko,451,f,,3102
Spynet,749,f,,3108
Equinox,808,f,,3111
Maharaja: The Game Of Palace Building In India,172,f,,3116
Miskatonic School For Girls,428,f,,3118
Garbage Day,341,f,,3124
Air Land And Sea,442,f,,3125
Mangaka,814,f,,3127
Roll Through The Ages: The Bronze Age,816,f,,3136
Rex: Final Days Of An Empire,70,f,,3142
Merchants And Marauders,749,f,,3145
Small World,822,f,,3152
3012,50,f,,3164
Zombicide,602,f,,3169
Walk The Plank: Deluxe Edition,341,f,,3185
Dreams Of Tomorrow,681,f,,3188
Wasteland Express Delivery Service,322,f,,3196
Silver: Bullet,263,f,,3200
Tiny Epic Galaxies: Beyond The Black,452,f,,3214
Tiny Epic Western,452,f,,3215
Xia Embers Of A Forsaken Star (expantion),832,f,,3216
The Crusoe Crew,837,f,,3223
Witches Of The Revolution,14,f,,3224
Doodle Rush,451,f,,3227
Blossoms,839,f,,3231
Adventure Land,748,f,,3239
Giro Galoppo,185,t,,3075
Rail Pass,828,t,,3184
Water Works,110,f,,3044
Deluxe Pit,237,f,,3045
"Hey, That's My Fish!",70,f,,3047
Flip Over Frog,717,f,,3049
Take 5,800,f,,3052
Thunder In The East,764,f,,3061
Twilight Of The Gods - Age Of Revelation,764,f,,3066
Powergrid - The Card Game,185,f,,3068
Robin Hood,804,f,,3076
Matryoshka,805,f,,3079
Edge Of Darkness,577,f,,3083
Walls Of York,759,f,,3084
Star Wars: Outer Rim,70,f,,3087
Zombie World,806,f,,3092
Lift Off,749,f,,3100
Penny Lane,262,f,,3103
The Amberden Affair,524,f,,3114
Tapple,812,f,,3117
What The Food?!,813,f,,3126
Call Of Cthulhu: The Card Game,70,f,,3131
Nuns On The Run,147,f,,3133
Lord Of The Fries,202,f,,3134
Burn In Hell,202,f,,3135
Killer Bunnies And The Quest For The Magic Carrot,175,f,,3137
Chimera And More,818,f,,3143
Hector And Achilles,172,f,,3158
Mad City,824,f,,3159
Relic Runners,750,f,,3160
Hawaii,749,f,,3161
Pitman,425,f,,3162
Whitewater,824,f,,3165
Sentinel Tactics: The Flame Of Freedom,103,f,,3166
Attack The Darkness,267,f,,3167
Star Trek: Five-year Mission,147,f,,3170
Fool's Gold,826,f,,3172
Ill-tempered Tikis,425,f,,3181
A War Of Whispers,620,f,,3189
Partners,829,f,,3190
5 Minute Marvel,729,f,,3191
Galactic Scoundrels,828,f,,3192
Rival Resturants,830,f,,3204
Five Seals Of Magic,834,f,,3220
Murder Of Crows (second Edition),14,f,,3226
Chariots Of Rome,764,f,,3230
Farm Rescue,451,f,,3233
Bad Doctor,341,f,,3237
Monza,748,f,,3244
Exploding Kittens,808,t,,3101
For Sale,816,t,,3140
Sheriff Of Nottingham,442,t,,3175
Unicorn Glitterluck,748,t,,3243
Gimme Gimme Guinea Pigs,613,f,,3046
Saboteur The Duel,147,f,,3051
Braintopia,12,f,,3054
Animouv,799,f,,3055
What The Heck,800,f,,3069
Untold,717,f,,3072
Squire For Hire,805,f,,3077
The Neverland Rescue,805,f,,3080
King's Forge,620,f,,3082
La Stanza,535,f,,3089
Hover Kraft,807,f,,3095
Pigasus,451,f,,3104
Perfection,809,f,,3109
Covert Action,811,f,,3112
"3 In 1 Collector Set: Get Bit, Hold Your Breath!, Walk The Plank",341,f,,3115
Cahoots,341,f,,3119
Dune,597,f,,3121
Talisman (revised 4th Edition),70,f,,3122
City Of Remnants,815,f,,3132
Exile Sun,817,f,,3139
Archmage Ascendant,620,f,,3141
Puzzle Strike - Bag Of Chips,195,f,,3144
Anomaly,819,f,,3147
Tide Of Iron,821,f,,3149
Tide Of Iron,70,f,,3150
Middle-earth Quest,70,f,,3156
Clue Game Of Thrones,812,f,,3174
Arcana,70,f,,3176
Ill-tempered Tikis,370,f,,3177
Thunderstone,577,f,,3180
Robo Rally,15,t,,3182
Oriflamme,820,f,,3183
Action News,760,f,,3186
Isle Of Monsters,341,f,,3193
Zombie Slam,828,f,,3194
Shop N Time!,828,f,,3195
Poetry Slam,341,f,,3197
Sinister Six,729,f,,3199
Too Many Bones: A Dice Builder Rpg,833,f,,3208
Tiny Epic Defenders The Dark War,452,f,,3209
Tiny Epic Mechs,452,f,,3210
Tiny Epic Galaxies,452,f,,3211
Tiny Epic Defenders,452,f,,3213
A War Of Whispers Deluxe Edition,620,f,,3219
Anomia: Party Edition,838,f,,3228
One Key,566,f,,3229
Castles Of Caladale,334,f,,3232
Shuffle Grand Prix,841,f,,3235
Yummy Yummy Pancakes,341,f,,3238
It's Blunderful,841,f,,3246
Tattoo Stories,841,f,,3247
Aftermath,174,f,,3248
Eye See Game,843,f,,3250
Mystery House,629,f,,3251
Beta Colony,185,f,,3252
Catan Histories: Settlers Of America Trails To Rails,127,f,,3253
Catan Histories: Settlers Of America Trails To Rails,844,f,,3254
The Struggle For Catan,127,f,,3255
Evo,845,f,,3256
Risk 2210 A.d.,15,f,,3257
Chopstick Dexterity Megachallenge 3000,341,f,,3258
Star Trek Panic,72,f,,3259
The Godfather: An Offer You Can't Refuse,765,f,,3260
Lord Of The Rings,192,f,,3261
Snow Tails,334,f,,3262
Mesopotamia,172,f,,3263
"Trump, Tricks, Game!",172,f,,3264
Quarantine Z,846,f,,3265
Discoveries: The Journals Of Lewis & Clark,579,f,,3266
Bahamas,578,f,,3267
Pharaon,847,f,,3268
Capture,262,f,,3269
Wasteland Express Delivery Service,848,f,,3270
Epoch,185,f,,3271
Word Smith,662,f,,3272
Neta-tanka,550,f,,3273
Riff Raff,655,f,,3274
Bloom In Blizard,849,f,,3275
Zura,850,f,,3276
Humboldt's Great Voyage,851,f,,3277
D&d Three-dragon Ante,240,f,,3278
Broadhorns,185,f,,3279
Fantastic Factories,852,f,,3280
Butababel,853,f,,3281
O.p. Arena,240,f,,3282
New Frontiers,185,f,,3283
Icarus,764,f,,3284
Hasp,850,f,,3285
Castles Of Caladale,854,f,,3286
City Of The Big Shoulders,794,f,,3287
Geometric Art,569,f,,3288
5211,581,f,,3290
Saboteur,843,f,,3291
Carnival Of Monsters,843,f,,3293
Towers Of Amharb,541,f,,3294
Atelier,577,f,,3295
Planetarium,764,f,,3296
Alubari: A Nice Cup Of Tea,820,t,,3148
Dragon's Breath,748,t,,3242
Imhotep: The Duel,128,t,,3053
Inhuman Conditions,842,t,,3249
L.l.a.m.a Card Game,800,t,,3071
Northern Pacific,185,t,,3094
Two Rooms And A Boom,482,t,,3236
Underwater Cities,185,t,,3289
Batasaurus,799,f,,3297
Two Khans,855,f,,3298
Planetarium,858,f,,3308
Monster Empire,860,f,,3313
Small World Underground,750,f,,3320
Poser,863,f,,3325
Ciub,843,f,,3326
Six Making,22,f,,3328
Side Quest: The Video Game Board Game,22,f,,3331
Alien Artifacts,866,f,,3333
Papillon,665,f,,3336
Samurai Spirit,77,f,,3347
Kingdomino Duel,22,f,,3349
Blitzkrieg,876,f,,3358
Albion's Legacy,605,f,,3363
Born To Serve,512,f,,3366
Castello Methoni,797,f,,3404
On The Underground,554,f,,3405
Cities: Skylines,128,f,,3406
Frenemy Pastry Party,892,f,,3436
Carrossel,723,f,,3443
Nanty Narking,171,f,,3446
Galaxy Trucker,185,f,,3448
Crystal Palace,472,f,,3452
Copper Island,472,f,,3455
Exploding Kittens: Nsfw Edition,901,f,,3465
Galactic Scoundrels,903,f,,3467
Slide Quest,22,f,,3471
Whozit?,91,f,,3477
All Manor Of Evil,665,f,,3482
Fafnir,621,t,,3431
Pax: Transhumanity,713,t,,3386
The Climbers,739,t,,3367
Throne Of Allegoria,889,t,,3437
Portal Heroes,147,f,,3299
Escape From The Hidden Castle,843,f,,3300
Battle Sheep,22,f,,3305
Mechanica,776,f,,3310
Engine Engine #9,843,f,,3311
Kapow!,861,f,,3318
Henchman,862,f,,3321
Thunder In The East,667,f,,3322
On The Origin Of Species,864,f,,3327
Rob 'n Run,185,f,,3351
Danger: The Game,875,f,,3355
Set A Watch,386,f,,3357
Call To Adventure,283,f,,3361
Cowboy Bebop: Boardgame Boogie,605,f,,3370
Ttl05445i,128,f,,3375
Expedition To Newdale,136,f,,3377
Hurlyburly,878,f,,3381
Chocolate Factory,882,f,,3398
Caylus,641,f,,3411
Rune Stones,180,f,,3414
Terramara,535,f,,3423
Azul Summer Pavilion,581,f,,3442
Cat Cafe,797,f,,3445
Fuji Koro,724,f,,3454
Ausser Rand & Band,796,f,,3459
Fairy Mischief,900,f,,3464
Exploding Kittens: Nsfw Edition,902,f,,3466
Shop 'n Time,828,f,,3468
Fry Thief,905,f,,3478
Cairn,578,f,,3483
Cheer Up!,907,f,,3487
Babylonia,718,t,,3409
Coloma,804,t,,3427
Die Inseln Im Nebel,624,t,,3429
Going Postal,880,t,,3390
Nokosu Dice,887,t,,3412
Porto,723,t,,3451
Remember Our Trip,627,t,,3435
Sushi Roll,91,t,,3475
Yukon Airways,718,t,,3433
Macroscope,341,f,,3301
Caravan,185,f,,3303
Mission X-code,843,f,,3315
Sunny Day,865,f,,3329
Kapow!,868,f,,3335
Evil High Priest,871,f,,3339
Ishtar: Gardens Of Babylon,872,f,,3340
Fantasy Realms,240,f,,3341
Pyramid Arcade,138,f,,3352
Nemo Rising,240,f,,3353
Merlin's Beast Hunt,240,f,,3354
Europa Base Alpha,240,f,,3356
Fog Of Love,680,f,,3364
Shadowrun: Sprawl Ops,37,f,,3369
Paladins Of The West Kingdom,334,f,,3376
Trails Of Tucana,649,f,,3380
Paranormal Detectives,709,f,,3382
"Pret-a-porter, Third Edition",474,f,,3393
Sanctum,786,f,,3394
Tiny Towns,577,f,,3395
Aquatica,712,f,,3408
Dadaocheng,711,f,,3415
Maracaibo,472,f,,3420
Offshore,649,f,,3426
Wavelength,338,f,,3438
Raid On Takao,892,f,,3439
Kung Fu,893,f,,3440
Clank! A Deck-building Adventure (includes Acquisitions Inc. Expansion),334,t,,2880
Exploding Kittens,435,t,,3031
Love Letter,874,t,,3346
Love Letter,877,t,,3359
Ticket to Ride: Rails & Sails,364,t,,1550
Glen More Chronicles,895,f,,3450
Battle Of The Nations 1813,896,f,,3453
Cine Write And Trade,897,f,,3457
Dragon Realm,91,f,,3472
Hello My Name Is Party Game,91,f,,3474
Dragonrealm,91,f,,3476
Decrypto Xl,906,f,,3481
The Doom That Came To Atlantic City,50,f,,3485
Board Game Cafe Frenzy,879,t,,3388
Fast Sloths,207,t,,3447
Kayuyk,888,t,,3418
Macaryoshka,886,t,,3410
Majesty: For The Realm,749,t,,3314
Nova Luna,170,t,,3432
Old Masters,898,t,,3461
Pax Porfiriana,536,t,,3479
Pictures,884,t,,3402
Uxmal,22,t,,3387
Raccoon Tycoom,721,f,,3302
Ocean Crisis,856,f,,3304
Space Gate Odyssey,857,f,,3306
Leg Los,655,f,,3307
Word Smith,859,f,,3309
Necronomicards Vol 2,424,f,,3316
Cafe International,843,f,,3319
Anomia Kids,838,f,,3330
Star Realms: Frontiers,867,f,,3334
Weave,869,f,,3337
Cheese Quest,873,f,,3343
Who Should We Eat?,240,f,,3345
Anansi,414,f,,3360
Buffy The Vampire Slayer,605,f,,3362
Flotilla,326,f,,3368
Valley Of The Vikings,748,f,,3371
Orc-lympics,451,f,,3372
Mechanica,583,f,,3374
Flotilla,240,f,,3384
Bigfoot Vs. Yeti,512,f,,3399
Game Of Trains,451,f,,3400
Colors Of Paris,890,f,,3421
The Magnificent,649,f,,3424
Namiji,77,f,,3428
Trismegistus: The Ultimate Formula,666,f,,3430
7 Wonders,591,t,,2873
Ticket To Ride: Japan,750,t,,3292
Electropolis,670,f,,3458
It's A Wonderful World,709,f,,3460
Dominion And Expansions,185,f,,3484
The Grimm Masquerade,307,f,,3489
Bios: Origins,713,t,,3385
Bruxelles 1897,894,f,,3449
Bus,588,t,,3441
Heimlich & Co.,843,t,,3486
Orchard Ocean,531,t,,3389
Pandemic: Reign Of Cthulhu,749,t,,3350
Concordia,185,f,,3312
Sorcerer,576,f,,3317
Town Builder Coevorden,674,f,,3323
3 Laws Of Robotics,527,f,,3324
Montmartre,870,f,,3338
Hako Onna,240,f,,3342
Tournament At Camelot,240,f,,3344
Heck,492,f,,3348
Robotech: Brace For Impact,497,f,,3373
1942 Uss Yorktown,529,f,,3378
1987 Channel Tunnel,529,f,,3379
Masters Of Renaissance,629,f,,3383
Tapestry: A Civilization Game,340,f,,3392
Tabletop Golf Mars Open,881,f,,3396
The Big Book Of Madness,883,f,,3401
Snowman Dice,885,f,,3403
Bosk,527,f,,3407
Dadaocheng,711,f,,3416
Marco Polo Ii,728,f,,3417
Sanctum,891,f,,3422
Jetpack Joyride,709,f,,3425
Puerto Rico,183,t,,3332
Stone Age,246,t,,780
Ticket to Ride Map Collection: Volume 6 -  France & Old West,364,t,,2048
Moon Base,659,f,,3456
Era Of Tribes,899,f,,3462
Ab Durch Die Mauer,796,f,,3463
Covil: The Dark Overlords,904,f,,3469
Clip Cut Parks,334,f,,3470
Lords Of Waterdeep,567,f,,3488
Going Postal,908,t,,3490
Omerta,909,f,,3491
Duple,910,f,,3493
The Blood Of An Englishman,910,f,,3494
Snake Oil,111,f,,3495
End Of The Trail,911,f,,3496
Atlantis Rising,911,f,,3497
Sabotage,912,f,,3499
Sabotage,913,f,,3500
Batman: The Animated Series Dice Game,50,f,,3501
Qwirkle,152,f,,3502
Kodama 3d,122,f,,3503
Super Camelot,37,t,,3504
Star Trek Chrono-trek,597,f,,3505
Fire Tower,914,f,,3506
Peasant Buffet: Bad Moon Rising,572,f,,3507
Plunderbund,915,f,,3508
Love Ba,915,f,,3509
Love Battle High School,299,f,,3510
Four,572,f,,3511
Danger: The Game,875,f,,3498
Metrox,91,f,,3512
Hi Lo Flip,91,f,,3513
Mage Knight Board Game,240,f,,3514
Fallout Shelter: The Board Game,70,f,,3515
The Walking Dead: Something To Fear,307,f,,3516
Dungeon Drop,91,f,,3517
Fantastic Beasts: Perilous Pursuit,812,f,,3518
The Fox In The Forest Duet,334,f,,3521
Succulent,334,f,,3522
Sorcerer City,916,f,,3523
Sorcerer City,307,f,,3524
Potion Explosion,917,t,,3525
Stellar,334,f,,3527
Space Battle Lunchtime,918,f,,3528
Flick Wars,359,f,,3529
Can't Catch Harry,359,f,,3530
Stripes,359,f,,3531
Qe,630,f,,3532
Bites,742,f,,3533
Newfoundland Jam,919,f,,3534
Forgotten Water,174,f,,3535
Forgotten Waters,174,f,,3536
Gobbit,920,f,,3537
The Shining,12,f,,3538
Newton,629,f,,3539
Cult Following,519,f,,3540
Living Planet,922,f,,3542
Barrage,629,f,,3543
Cactys,637,f,,3544
Praise,637,f,,3545
Colorful,637,f,,3546
Tokyo Tsukiji Market,637,f,,3547
Tokyo Game Show,637,f,,3548
Tokyo Coin Laundry,637,f,,3549
Shuffle Grand Prix,923,f,,3550
It's Blunderful,923,f,,3551
Good & Bad Ghosts,924,f,,3552
Top Gun,12,f,,3553
Sengoku Domino,925,f,,3554
Qe,742,f,,3555
Patchistory,926,f,,3556
Crystallo,372,f,,3557
Never Bring A Knife,14,f,,3558
Die Crew,128,t,,3434
Die Macher,889,t,,3419
Formosa Tea,716,t,,3391
Gloomy Graves,334,t,,3520
Goat'n'goat,628,t,,3413
Irish Gauge,472,t,,3365
Machi Koro 5th Anniversary Edition,322,t,,3519
Nine Tiles Panic,621,t,,3492
On Mars,818,t,,3397
Rumble Nation,715,t,,3444
Super Motherload,487,t,,3526
Wavelength,921,t,,3541
Life Siphon,402,f,,3559
Over Under Ostrich,927,f,,3560
Trial By Trolley,307,f,,3561
Battle Con: Connection Fighting,414,f,,3562
Meteor,341,f,,3564
Inhabit The Earth,929,f,,3565
Dragon Punch,414,f,,3566
Dig Dog Dig,613,f,,3567
The Princess Bride: Prepare To Die!,930,f,,3569
The Princess Bride: A Battle Of Wits,930,f,,3570
Inhabit The Earth,931,f,,3571
Cv,638,f,,3572
Forever Young,223,f,,3573
Abandon All Artichokes,91,t,,3568
Catan,660,t,,3480
Deep Sea Adventure,621,t,,2425
Fireball Island: The Curse Of Vul-kar,484,t,,2766
Forbidden Island,91,f,,311
Letter Jam,928,t,,3563
Long Shot,246,t,,470
Secret Hitler,435,t,,3003
Unmatched: Battle Of Legends Vol. 1,484,t,,3473
