"51460","Series: 19xx (Looping Games)"
"18191","Decades: The 1980's"
"61979","Players: Two Player Only Games"
"7691","Animals: Sharks"
"8374","Crowdfunding: Kickstarter"
"24169","Series: Get Bit Trilogy (Mayday Games)"
"5338","Comic Books: Marvel Universe"
"17935","Theme: Superheroes"
"44856","Game: 51st State"
"27646","Mechanic: Tableau Building"
"5666","Players: Games with Solitaire Rules"
"855","Setting: Neuroshima"
"41799","Theme: Post-Apocalyptic"
"7530","Animals: Cattle / Cows"
"5012","Game: 6 nimmt!"
"6485","Misc: Mensa Select"
"17552","Game: 7 Wonders"
"39540","Game: 7 Wonders Duel"
"62276","Versions & Editions: Two-Player Versions of More-Player Games"
"13111","Cities: New York (New York, USA)"
"14835","Country: USA"
"48868","Mechanic: Drawing"
"22783","Admin: Better Description Needed!"
"24571","Components: Polyominoes"
"10314","Country: Iceland"
"54213","Game: A Feast for Odin"
"62773","Mythology: Norse"
"3866","Series: Harvest (Uwe Rosenberg)"
"5841","Theme: Food / Cooking"
"5613","Theme: Vikings"
"5068","Books: A Song of Ice and Fire"
"3","Game: Catan"
"48865","Theme: Gardening"
"20733","Books: Frankenstein"
"57030","Series: Adventure games (Kosmos)"
"44345","Series: Family Games (HABA)"
"9976","Setting: Oniverse"
"19606","Animals: Hamsters"
"7269","Animals: Mice"
"62475","Components: Book as Board"
"24281","Mechanic: Campaign Games"
"56550","Series: AdventureBook Games (Plaid Hat)"
"7523","Animals: Horses"
"7379","Animals: Pigs"
"7481","Animals: Sheep"
"3865","Game: Agricola"
"18698","Cities: Granada (Andalusia, Spain)"
"10310","Country: Spain"
"3431","Game: Alhambra"
"5679","Creatures: Aliens / Extraterrestrials"
"18211","Crowdfunding: ulule"
"46925","Game: Alien Frontiers"
"5141","Theme: Cthulhu Mythos"
"9961","Country: India"
"28594","Series: Snowdonia Game System"
"21622","Theme: Colonial"
"36540","Theme: Tea"
"6040","Collectible: Collectible Card Games"
"5337","Collectible: Living Card Game (Fantasy Flight Games)"
"18254","Game: Android – Netrunner (LCG)"
"17106","Setting: Android"
"5611","Theme: Cyberpunk"
"20584","Theme: Hackers"
"6471","Country: Egypt"
"22184","Admin: Unreleased Games"
"62080","Versions & Editions: Junior Versions of Grown-Up Games"
"62600","Components: 4 x 4 Grid"
"33","Game: Apples to Apples"
"46175","Mechanic: Judging Games"
"44095","Game: Bananagrams"
"62039","Word Games: Spelling / Letters"
"24439","Card Games: Draw and Discard"
"27176","Series: Deluxe card game (Z-Man / Filosofia)"
"48871","Theme: Nature"
"57181","Theme: Trees and Forests"
"59218","Category: Dungeon Crawler"
"25158","Components: Miniatures"
"28338","Game: Arcadia Quest"
"5601","Theme: Anime / Manga"
"52433","Theme: Chibis"
"53400","Series: The West Kingdom Trilogy (Garphill Games)"
"62462","Game: Arkham Horror"
"4311","Series: Arkham Horror Files (Fantasy Flight Games)"
"44835","Game: Arkham Noir (Yves Tourigny)"
"19528","Organizations: Forgenext"
"61977","Players: Solitaire Only Games"
"5614","Country: Portugal"
"56419","Theme: Art"
"17514","Mythology: Atlantis"
"2989","Game: Werewolf / Mafia"
"7958","Series: Postcard Box Games (Indie Boards and Cards)"
"22839","Theme: King Arthur / The Knights of the Round Table / Camelot"
"57039","Game: Azul"
"57934","Ancient: Mesopotamia"
"59608","Region: Middle East"
"27521","Rivers: Euphrates"
"27522","Rivers: Tigris"
"39912","Category: Tower Defense"
"7005","Creatures: Dragons"
"12016","Country: Bahamas"
"7178","Animals: Apes / Monkeys"
"57497","Game: Barrage"
"61748","Comic Books: Batman"
"5427","Comic Books: DC Universe"
"24595","Game: Zombie Dice"
"38880","TV Shows: Batman – The Animated Series"
"49247","Admin: Game System Entries"
"61206","Category: Two players fighting games"
"18031","Game: BattleCON"
"9470","Continents: Asia"
"10634","Country: Japan"
"4712","Setting: Legend of the Five Rings"
"26432","Category: Combinatorial"
"5607","Components: 3-Dimensional (3D)"
"44423","Series: Europe Collection (Blue Orange Games)"
"7543","Animals: Alligators / Crocodiles"
"17170","Animals: Giraffes"
"11627","Animals: Hippopotamuses"
"7834","Animals: Lions"
"17023","Animals: Seals"
"17168","Animals: Skunks"
"7509","Animals: Snakes"
"19328","Animals: Zebras"
"7564","Animals: Bees"
"62079","Animals: Insects"
"54060","Game: Betrayal (Avalon Hill)"
"49383","Players: One versus Many"
"61993","Theme: Spooky Old Houses"
"48877","Components: Game Trayz Inside"
"57375","Game: Between Two Castles of Mad King Ludwig"
"50253","Game: Castles of Mad King Ludwig"
"60939","Theme: Books / Libraries"
"28948","Creatures: Bigfoot / Yeti / Sasquatch"
"7559","Animals: Dinosaurs"
"23433","Series: BIOS (Phil Eklund)"
"16886","Theme: Evolution"
"7507","Animals: Ants"
"18214","Cities: Berlin (Germany)"
"10643","Country: Germany"
"51732","Theme: Tropical Islands"
"10620","Country: Hong Kong"
"8164","Players: Wargames with Solitaire Rules"
"53502","Game: Blood Rage"
"41222","Mechanic: Roll-and-write"
"6393","Theme: Flowers"
"50563","Crowdfunding: Zeczec"
"9302","Components: Letter Cubes / Word Dice"
"10257","Game: Boggle"
"5","Game: Bohnanza"
"18","Series: Bean Games (Lookout)"
"21203","Game: Boss Monster"
"46220","Game: Bottom of the 9th"
"5586","Sports: Baseball"
"50841","Series: Klein & Fein (Schmidt Spiele)"
"18237","Cities: New Orleans (Louisiana, USA)"
"19161","Cities: St Louis (Missouri, USA)"
"43649","States: Illinois"
"43653","States: Louisiana"
"43658","States: Mississippi"
"43659","States: Missouri"
"45609","Game: Broom Service"
"38406","Series: Alea Very Small Box"
"28880","Theme: Witches"
"62258","Versions & Editions: Card Versions of Non-Card Games"
"22971","Cities: Brussels (Belgium)"
"12226","Country: Belgium"
"57892","Game: Bruxelles 189X"
"6428","Creatures: Vampires"
"8278","TV Shows: Buffy the Vampire Slayer"
"19252","Animals: Cockroaches"
"6994","Animals: Frogs / Toads"
"44244","Series: Madison Game Design Cabal"
"22135","Crowdfunding: Spieleschmiede"
"23287","Crowdfunding: Verkami"
"14661","Theme: Mystery / Crime"
"7591","Animals: Butterflies"
"7760","Animals: Hedgehogs / Porcupines"
"57936","Mechanic: Maxit"
"48576","Series: Small box (Lautapelit.fi)"
"6375","Series: Confrontation (Rackham Entertainment / Dust Games)"
"18646","Cities: Florence (Tuscany, Italy)"
"10579","Game: Call of Cthulhu – The Card Game (Fantasy Flight Games)"
"24440","Card Games: Exchange"
"98","Components: Traditional Playing Cards"
"46152","Traditional Games: Spoons"
"7334","Animals: Cats"
"45020","Game: Captain Sonar"
"56938","Mechanic: Hidden Movement"
"50007","Theme: Submarines"
"2829","Game: Car Wars"
"6480","Animals: Camels"
"11006","Country: France"
"2","Game: Carcassonne"
"57940","Region: Languedoc (France)"
"27383","Continents: Africa"
"39902","Series: Carcassonne Around the World"
"23281","Game: Cardline"
"5606","Ancient: Rome"
"58","Series: Alea Big Box"
"52722","Setting: World of Ulos"
"22804","Region: Catalonia (Spain)"
"10640","Country: Greece"
"28659","Crowdfunding: Wspieram"
"26562","Game: Catacombs"
"5552","Mechanic: Finger Flicking Games"
"11505","Promotional: Promo Board Games"
"20398","Series: Catan Histories"
"10166","Space: Earth's Moon"
"6363","Containers: Tubes"
"5840","Sports: Curling"
"7349","Animals: Dogs"
"7542","Animals: Donkeys"
"43538","Game: Caverna (Uwe Rosenberg)"
"21425","Theme: Mining"
"70","Game: Caylus"
"187","Series: Ystari originals"
"5610","Theme: Steampunk"
"47479","Game: Century (Plan B Games)"
"10626","Country: Sri Lanka"
"46771","Game: Champions of Midgard"
"4024","Traditional Games: Chess"
"18227","Cities: Chicago (Illinois, USA)"
"131","Card Games: Climbing"
"8120","Card Games: Shedding / Stops"
"26496","Series: The E•G•G"
"56939","Books: Choose Your Own Adventure"
"26717","Components: Chopsticks"
"129","Series: Master Print Edition (Quined)"
"48927","Game: Clank!"
"13105","Country: Scotland"
"50203","Crowdfunding: zagramwto"
"48875","Category: MOBA"
"58071","Game: Cloudspire"
"71","Game: Cluedo / Clue (Parker Brothers, et al)"
"37062","Game: Codenames"
"62861","Word Games: Guess the Word"
"5549","History: Age of Discovery"
"17676","Animals: Chameleons"
"3279","Game: Coloretto"
"18319","Theme: Tropical"
"17520","Cities: Paris (France)"
"39521","Theme: Painting / Paintings"
"51838","Game: Colt Express"
"28722","Game: Concordia"
"11515","Country: Italy"
"54197","History: Italian City-States"
"3400","Series: Fantasy Flight Silver Line"
"46190","History: Cold War"
"19551","Cities: Copenhagen (Denmark)"
"10315","Country: Denmark"
"57043","Game: Copenhagen (Queen Games)"
"24255","Series: Yellow Wave Box (Queen)"
"57679","Game: Cooper Island"
"57261","Animals: Coral / Jellyfish / Anemones"
"7975","Animals: Fish / Fishes"
"17527","Animals: Octopuses"
"7759","Animals: Goats"
"61252","Series: Free PnP during 2019-2020 COVID-19 Pandemic (Asmodee)"
"48514","Series: Puzzle Trilogy (Uwe Rosenberg)"
"37838","Series: The Great Designers (Stronghold Games)"
"18236","Cities: Miami (Florida, USA)"
"47207","Series: Master Print Pocket (Quined)"
"20304","Setting: Dystopian Universe (Indie Boards & Cards)"
"16972","Crowdfunding: Indiegogo"
"25706","Series: Dice Tower Essentials"
"23550","Game: Cerberus Engine – Heroes"
"7306","Animals: Ducks"
"23890","Animals: Pigeons"
"7668","Animals: Squirrels"
"5615","Creatures: Monsters"
"47216","Game: Crystal Clans"
"17446","Cities: London (England)"
"19564","Contests: Solitaire Print & Play"
"21940","Theme: Archaeology"
"18981","Animals: Snails"
"22824","Series: Big in Japan (AEG)"
"43094","Series: Card Crafting System (AEG)"
"9640","Game: Cutthroat Caverns"
"41855","Series: Expert (Granna)"
"28244","Game: Darkest Night"
"10260","Series: Euro Games (Victory Point Games)"
"11257","Series: Cheapass Zombie"
"61897","Creatures: Zombies"
"26915","Series: Crossroads (Plaid Hat Games)"
"46194","Game: Deception – Murder in Hong Kong"
"8162","Mechanic: Turnless Trading"
"5636","TV Shows: The Simpsons"
"4671","Game: Descent – Journeys in the Dark"
"5137","Setting: The Realms of Terrinoth"
"60651","Mechanic: Image Interpretation"
"33379","Series: Pocket Line (Stronghold)"
"60544","Game: Dice Settlers"
"12210","Mechanic: 4X"
"54297","Game: Dice Throne"
"63179","Game: The Crew"
"14044","Theme: Hot Air Balloons"
"34116","Political: Elections"
"91","Series: Classic Line (Valley Games)"
"56992","Game: Dinosaur Island"
"50153","Continents: Europe"
"19265","Game: Diplomacy"
"56352","Components: Unique Game"
"46059","Historical Figures: Lewis & Clark"
"43639","Theme: Native Americans / First Peoples"
"10723","Books: Discworld"
"4256","Series: Literature (Kosmos)"
"9644","Game: Dixit"
"6258","Theme: Time Travel"
"5705","TV Shows: Doctor Who"
"5786","Sports: Combat Sports / Martial Arts"
"2580","Game: Dominion"
"63161","Components: Dry Erase Markers / Dry Erase Surfaces"
"57001","Game: Downforce"
"9862","Series: Auto Racing card system (Wolfgang Kramer)"
"6206","Sports: Auto Racing"
"44422","Series: Mad Scientist (Blue Orange Games)"
"11518","Country: China"
"57675","Game: Dragon Castle"
"13437","Traditional Games: Mahjong"
"56318","Misc: No Table Needed"
"41463","Series: Small Box (Level 99 Games)"
"16839","Series: Mitbringspiele M (HABA)"
"3833","Series: Blue Games (Descartes)"
"61992","Game: Dragonfire"
"25404","Mechanic: Legacy"
"7307","Setting: Dungeons & Dragons"
"60795","Theme: Dreams / Nightmares"
"5838","Books: Dune"
"13265","Theme: Deserts"
"63154","Game: Dungeon Drop"
"57678","Game: Edge of Darkness"
"27050","Game: Eight-Minute Empire"
"9959","Game: El Grande"
"28305","Game: Elder Sign"
"26704","Game: Eldritch Horror"
"62884","Components: Official Music Soundtrack"
"12809","Region: Arctic"
"40010","Series: Queen Kids"
"57292","Game: Epic Card Game"
"17928","Organizations: Gamesmiths"
"63335","Theme: Volcanoes"
"36900","Category: Escape Room Games"
"59983","Series: Escape Tales (Board&Dice)"
"23293","Game: Euphoria"
"18983","Animals: Badgers"
"19070","Animals: Bats"
"45672","Animals: Birds"
"7544","Animals: Foxes"
"21462","Animals: Lizards"
"7835","Animals: Moles"
"18588","Animals: Owls"
"7366","Animals: Turtles"
"57493","Game: Everdell"
"48786","Series: Evolution (North Star Games)"
"59442","Theme: Biology"
"25292","Crowdfunding: Giochistarter"
"56529","Setting: Longdale (Lookout Games)"
"24432","Card Games: Matching"
"62860","Versions & Editions: Adult Versions of Family-Friendly Games"
"27177","Series: The North Sea Trilogy (Garphill Games)"
"57981","Region: Caribbean Sea"
"43107","Game: Fallout"
"5608","Books: Harry Potter"
"17634","Animals: Dolphins"
"63073","Animals: Eagle"
"6979","Animals: Elephants"
"6507","Animals: Rabbits"
"63075","Animals: Sloth"
"42078","Creatures: Unicorns"
"46621","Game: Fate of the Elder Gods"
"27800","Organizations: Game Designers of North Carolina"
"10644","Country: Brazil"
"42767","Game: Fast Forward"
"44081","Series: Fable Game system"
"5902","Components: Marbles"
"52598","Game: Fireball Island"
"9733","TV Shows: Firefly"
"36571","Game: Firefly – The Game"
"57506","Game: Five Tribes"
"55689","Game: Flamme Rouge"
"5663","Sports: Bicycling / Cycling"
"18747","Game: Flash Point Fire Rescue"
"11767","Theme: Firefighting"
"46460","Setting: FUSE"
"8","Game: Fluxx"
"46188","Game: Fog of Love"
"61207","Theme: Love / Romance"
"56129","Theme: Queer / LGBTAIQ"
"76","Series: Bookshelf (Gryphon Games)"
"43440","Game: For the Crown"
"39723","Series: Forbidden Games (Gamewright)"
"41489","Components: Digital Hybrid - App Required"
"10622","Country: Taiwan"
"13107","Country: Monaco"
"143","Game: Formula Dé / Formula D"
"45610","Game: Gloomhaven"
"7265","Animals: Bears"
"7576","Animals: Deer / Antelope"
"18192","Decades: The 1960's"
"48480","Series: Happy Planet (North Star Games)"
"53514","Books: Dracula"
"57170","Game: Fury of Dracula"
"46197","Theme: Trucks"
"63077","Theme: Trash / Garbage"
"11404","Game: Doctor Lucky"
"7479","Creatures: Ghosts"
"5730","Sports: Horse Racing"
"58719","Game: Glen More"
"10580","Game: Gloom"
"62087","Books: Dr. Jekyll and Mr. Hyde"
"54030","Game: Great Western Trail"
"62614","Islands: Greenland (Denmark)"
"53546","Series: Dominata"
"51444","Theme: Inuit Peoples"
"63023","Folk Tales & Fairy Tales: Three Billy Goats Gruff"
"28732","Theme: Samurai"
"24434","Card Games: Outplay"
"58053","History: Punic Wars"
"58955","Region: Mediterranean Sea"
"92","Series: Tactics Line (Valley Games)"
"58582","Setting: Gullsbottom"
"28013","States: Hawaii"
"62212","Medical: Hospitals / Clinics"
"17926","Setting: Bodgers"
"26397","Theme: Beer"
"52516","Game: Hero Realms"
"7488","Animals: Penguins"
"12808","Continents: Antarctica"
"5834","Sports: Fishing / Angling"
"4263","Authors: J.R.R. Tolkien"
"5723","Series: War of the Ring (Nexus/Ares Games)"
"7510","Books: Sherlock Holmes"
"56257","Series: NSV Middys (Nürnberger Spielkartenverlag)"
"46225","Game: Imhotep"
"78","Series: Two-player games (Kosmos)"
"56755","Game: Imperial Settlers"
"17657","Game: Innovation"
"44826","Game: Invasion from Outer Space"
"9043","Series: Last Night on Earth Game Engine (Flying Frog Production)"
"5743","Theme: Circus"
"44350","Series: Science Games (Genius Games)"
"21942","Theme: Chemistry"
"11546","Country: Ireland"
"18979","Series: Cube Rails"
"59682","Series: Iron Rail (Capstone Games)"
"18796","Series: Winsome Essen Sets"
"27524","Ancient: Babylon"
"58494","Game: Isle of Skye (Lookout Games)"
"39414","Setting: World of Arzium"
"18702","Cities: Istanbul (Turkey)"
"11570","Country: Turkey"
"28724","Game: Istanbul (AEG)"
"5178","Game: Jungle Speed"
"5605","Movies: Jurassic Park"
"48","Series: Key (Richard Breese)"
"23972","Game: Keyflower"
"25869","Setting: Glorantha"
"3975","Game: Killer Bunnies"
"28525","Game: King of Tokyo"
"24569","Theme: Kaiju"
"18616","Cities: Tokyo (Japan)"
"14514","Game: Kingdom Builder"
"39749","Components: 5 x 5 Grid"
"50195","Game: Kingdomino"
"59705","Misc: LongPack Games"
"62201","Versions & Editions: Dice Versions of Non-Dice Games"
"46196","Game: Kodama"
"35296","Series: Small Box Big Fun (Action Phase Games)"
"21991","Theme: Automotive Industry"
"6925","Theme: Fantasy Sports"
"18053","Animals: Llamas"
"114","Game: Labyrinth"
"22966","Movies: Avatar"
"5860","TV Shows: Spongebob Squarepants"
"44093","Game: Lanterns – The Harvest Festival"
"4705","Organizations: The Game Artisans of Canada"
"57041","Rivers: Yangtze"
"7395","Containers: Video Tape Boxes"
"23689","Game: Legendary (Upper Deck Entertainment)"
"46058","Game: Lewis & Clark"
"18193","Decades: The 1950's"
"14759","Country: England"
"99","Series: Treefrog Line (Warfrog)"
"46464","Game: Loony Quest"
"44340","Series: Tilsit Poche"
"18238","Cities: Las Vegas (Nevada, USA)"
"61132","Game: Lords of Vegas"
"57504","Game: Lords of Waterdeep"
"7757","Series: From RPG books to board games"
"149","Game: Lost Cities"
"46166","Traditional Card Games: Palace"
"25604","Game: Lost Legacy"
"25594","Series: 5 Minute Fun (AEG)"
"27123","Game: Love Letter"
"6364","Holidays: Christmas"
"22823","Series: Pocket Game (AEG)"
"17960","Setting: Tempest Shared World"
"62849","Versions & Editions: Big Box Versions of Individual Games"
"10309","Country: The Netherlands"
"62089","Game: Luxor"
"41223","Game: Machi Koro"
"61204","Components: Magnets"
"18459","Components: Clix"
"33758","Setting: Mage Knight"
"10615","Country: Indonesia"
"63093","Cities: Maracaibo (Venezuela)"
"63092","Country: Venezuela"
"63194","Game: Maracaibo"
"57502","Game: The Voyages of Marco Polo"
"19451","Cities: Marrakech (Morocco)"
"19450","Country: Morocco"
"57182","Theme: Sewing / Knitting / Cloth-Making"
"58605","Game: Marvel Champions – The Card Game"
"5664","Sports: Wrestling"
"45809","Game: Lorenzo il Magnifico"
"22232","Theme: Robots"
"18765","Mechanic: Tower Stacking"
"10167","Country: Australia"
"17635","Animals: Crabs"
"19549","Cities: Osaka (Japan)"
"20","Components: Looney Pyramid Games"
"23764","Celebrities: Monty Python"
"16840","Series: Mitbringspiele (HABA)"
"24","Game: Munchkin"
"25368","Theme: Mushrooms"
"28920","Game: Stone Age"
"7972","Animals: Tigers"
"7381","Animals: Wolves"
"38432","Game: Scythe"
"34112","Game: Mysterium"
"19023","Holidays: Halloween"
"46215","Game: Mystery of the Abbey"
"28991","Game: Nations"
"9314","Authors: Jules Verne"
"57000","Game: Nemo's War"
"61978","Players: Solitaire Only Wargames"
"19223","Animals: Whales"
"40433","States: Massachusetts"
"63091","Provinces: Newfoundland and Labrador (Canada)"
"5701","Theme: Ninjas"
"18377","Series: Minigame Library (Level 99 Games)"
"7520","Animals: Rats"
"10312","Country: Norway"
"62889","Components: Blindfolds / Blackout Glasses"
"57478","Game: Obsession"
"157","Game: Ogre / G.E.V."
"6256","Series: Microgames (Metagaming)"
"41798","Series: Pocket Box (Steve Jackson Games)"
"10168","Country: Canada"
"10169","Space: Mars"
"25436","Organizations: Board Games Association of Creators in Spain (LUDO)"
"22673","Game: Once Upon a Time"
"27945","Series: One Night (Bézier Games)"
"51376","Game: Onitama"
"8119","Books: The Wizard of Oz"
"39915","Series: Pairs Game System (Cheapass Games)"
"20718","Animals: Pandas"
"5589","Series: Fantasy Strike (Sirlin)"
"9313","Traditional Card Games: Poker"
"3430","Game: Pandemic"
"61854","Medical: Diseases"
"62881","Region: The World"
"18645","Cities: Rome (Lazio, Italy)"
"58383","History: Barbarian migrations and invasions"
"59819","Series: PARKS"
"61439","Theme: US National Parks"
"4214","Traditional Games: Pachisi / Ludo"
"54158","Game: Patchwork"
"33361","Series: Fur Zwei Spieler (Lookout Games)"
"10632","Country: Afghanistan"
"56858","Game: Pax Pamir"
"58172","History: Anglo-Afghan Wars"
"44079","Series: Pax (Sierra Madre Games)"
"10642","Country: Mexico"
"58083","History: Mexican Revolution"
"19529","Webcomics: Penny Arcade"
"57773","Country: Jordan"
"7657","Animals: Crows / Ravens / Magpies"
"11519","Theme: Oil / Gas / Petroleum"
"26382","Game: Pixel Tactics"
"22829","Setting: World of Indines"
"62233","Theme: Pizza"
"58901","Misc: Self-Referential Games"
"49424","Game: Potion Explosion"
"150","Game: Power Grid"
"10656","Country: Puerto Rico"
"9958","Game: Puerto Rico"
"8241","Promotional: BGG Store Promos"
"21078","Series: Basic (Gigamic)"
"19100","Series: Classic (Gigamic)"
"56974","Game: Quadropolis"
"21436","Game: Qwirkle"
"46217","Game: Qwixx"
"58093","Animals: Raccoons"
"56284","Game: Raccoon Tycoon"
"59051","Series: Simply Complex line (Capstone Games)"
"4571","Game: Race for the Galaxy"
"13512","Country: Croatia"
"19422","Islands: Polynesia (France)"
"57676","Game: Railroad Ink"
"20788","Series: Duo Collection (Matagot)"
"28174","Series: Mini Games (IELLO)"
"7260","Animals: Kangaroos"
"19030","Animals: Rhinoceroses"
"57020","Game: Revolution!"
"29","Game: Twilight Imperium"
"16830","Series: Mitbringspiel Mini (HABA)"
"40074","TV Shows: Rick and Morty"
"57507","Game: Rising Sun"
"56924","Game: Risk (Official)"
"4218","Game: Risk-Like"
"26100","Game: The Rivals for Catan"
"5660","Folk Tales & Fairy Tales: Robin Hood"
"9798","TV Shows: 80's Cartoons"
"47175","TV Shows: Robotech"
"55566","Game: Root"
"58059","History: Sengoku Period"
"62088","Game: Rune Stones"
"28418","Game: Saboteur"
"18639","Cities: Barcelona (Spain)"
"50196","Game: Sagrada"
"57893","Region: Brittany (France)"
"59","Series: Alea Medium Box"
"63170","Game: Santorini"
"27549","Islands: Santorini (Greece)"
"9960","Game: Schotten-Totten"
"26464","Theme: Alternate History"
"63004","Theme: Mech Warfare"
"6137","Components: Block wargames"
"62772","Mythology: Greek"
"17936","Game: Sentinel"
"21812","Setting: Shadowrun"
"18643","Cities: Amsterdam (The Netherlands)"
"36155","Setting: Mistfall"
"25937","Cities: Nottingham (England)"
"28631","Books: Mystery Novels"
"46472","Game: Sherlock Holmes Consulting Detective"
"11971","Historical Figures: Jack the Ripper"
"61000","Game: Silver"
"46141","Traditional Card Games: Golf"
"17709","Traditional Card Games: Eights"
"3868","Game: Small World"
"24566","Game: Smash Up"
"27823","Game: Snake Oil"
"7519","Animals: Spiders"
"46174","Game: Spirit Island"
"33250","Game: Splendor"
"3246","Game: Squad Leader"
"25246","Game: Star Realms"
"7996","Game: Chrononauts"
"7392","TV Shows: Star Trek (various)"
"5602","Movies: Star Wars"
"57677","Game: Steam Park"
"130","Series: The Games Collection (Pin International)"
"153","Game: Stratego"
"10149","Series: Nostalgia (Hasbro)"
"7687","Game: Summoner Wars"
"6497","Sports: Surfing"
"9835","Game: Survive!"
"44820","Game: Sushi Go!"
"4220","Category: n in a row"
"10791","Series: Hi-Q"
"63206","Authors: Jean de La Fontaine"
"61936","Folk Tales & Fairy Tales: The Tortoise and the Hare"
"24244","Series: Tales & Games (Purple Brain Creations)"
"6096","Sports: Hunting"
"5591","Game: Tannhäuser"
"49650","Game: Telestrations"
"60543","Game: Teotihuacan"
"26098","Game: Terra Mystica"
"13449","Series: Games Collection (Immortal Eyes)"
"46915","Game: Terraforming Mars"
"49694","Series: Future Timeline (Fryxgames)"
"19298","Space: Earth's Solar System"
"10592","Game: The Adventurers"
"22883","Theme: Romance of the Three Kingdoms"
"2250","Traditional Card Games: Rummy"
"60033","Game: The Captain is Dead!"
"57501","Game: The Castles of Burgundy"
"57997","Region: Burgundy (France)"
"48750","Series: Graphic Novel Adventures (Makaka Editions)"
"24433","Traditional Card Games: War"
"45611","Game: The Grizzled"
"27508","Game: The Manhattan Project"
"9767","Folk Tales & Fairy Tales: Peter Pan"
"42896","Books: The Princess Bride"
"57057","Game: The Quacks of Quedlinburg"
"5301","Game: The Red Dragon Inn"
"61760","Authors: Stephen King"
"62042","Movies: Horror Movies"
"51191","Movies: The Thing"
"27069","Comic Books: The Walking Dead"
"58463","History: Early Imperial China"
"57498","Game: Through the Ages"
"7345","Mechanic: Connection"
"60111","Series: Euro Classics (Reiner Knizia)"
"42","Series: Tile-laying trilogy (Reiner Knizia)"
"5321","Game: Thunderstone"
"61646","Continents: North America"
"17","Game: Ticket to Ride"
"18620","Cities: Stockholm (Sweden)"
"10316","Country: Finland"
"10313","Country: Sweden"
"43","Game: Tigris & Euphrates"
"128","Series: Easy Play (Schmidt Spiele)"
"46483","Game: Tiny Epic Defenders"
"25072","Series: Tiny Epic (Gamelyn Games)"
"46484","Game: Tiny Epic Galaxies"
"25050","Game: Tokaido"
"44092","Series: TOKYO (Jordan Draper Games)"
"62247","Movies: Top Gun"
"18641","Cities: Turin (Piedmont, Italy)"
"18581","Country: Soviet Union"
"51380","Game: Twilight Struggle"
"61274","Components: Gears"
"60542","Game: Tzolk'in – The Mayan Calendar"
"62428","Theme: Maya"
"137","Game: Ubongo"
"9368","Series: Native-art line (Kosmos)"
"59354","Series: Unicorn Glitterluck (HABA)"
"6819","Folk Tales & Fairy Tales: Alice in Wonderland"
"56937","Game: Unmatched"
"4890","Game: UNO"
"20667","Books: Diary of a Wimpy Kid"
"6204","Movies: Toy Story"
"10335","Series: Pinkalicious (Fundex)"
"5637","TV Shows: Family Guy"
"28892","TV Shows: Monster High"
"24431","Card Games: Adding"
"17167","Game: Rory's Story Cubes"
"13109","Country: Malta"
"13051","Series: Game & Puzzle (HABA)"
"58519","Game: Vast"
"12926","Game: Wits & Wagers"
"5597","Brands: Disney"
"19299","Creatures: Fairies / Elves / Pixies"
"11418","Folk Tales & Fairy Tales: Aladdin"
"11343","Folk Tales & Fairy Tales: The Little Mermaid"
"56989","Game: Disney Villainous"
"10647","Country: Chile"
"17740","Cities: Venice (Veneto, Italy)"
"24179","Cities: Warsaw (Poland)"
"10317","Country: Poland"
"57005","Game: Wasteland Express Delivery Service"
"8012","Game: We Didn't Playtest This At All"
"52618","Game: Welcome To ..."
"17056","Country: United Kingdom"
"57008","Game: Wildlands"
"18887","Animals: Geese"
"17963","Animals: Turkeys"
"58267","Game: Wingspan"
"52","Game: Zombies!!! (Twilight Creations)"
